exemplare_id;datum_pujceni;vratit_do;osoby_id;skutecne_vraceno;poznamka;vypujcky_id
5701;19.01.2025;16.02.2025;160;07.02.2025;;22
9285;25.01.2025;30.01.2025;491;31.01.2025;;120
9491;25.01.2025;28.02.2025;494;22.02.2025;;123
3739;27.01.2025;28.02.2025;195;21.02.2025;;185
5875;28.01.2025;25.02.2025;473;15.02.2025;Zapùjèeno pro bakaláøskou práci;203
4366;31.01.2025;14.02.2025;117;10.02.2025;k habilitaci;257
5532;03.02.2025;17.02.2025;450;16.02.2025;;316
7108;07.02.2025;09.03.2025;181;22.02.2025;;368
8781;07.02.2025;13.02.2025;78;13.02.2025;;371
430;08.02.2025;19.03.2025;426;02.03.2025;K diplomové práci;395
10943;09.02.2025;02.03.2025;270;28.02.2025;;407
10305;11.02.2025;19.03.2025;2;05.03.2025;;435
3107;12.02.2025;01.03.2025;435;25.02.2025;;444
10569;14.02.2025;18.03.2025;411;02.03.2025;studijní materiál;472
8236;18.02.2025;31.03.2025;287;20.03.2025;;505
7858;18.02.2025;25.03.2025;437;11.03.2025;Pro BP;508
9479;19.02.2025;25.02.2025;14;27.02.2025;Pro BP;534
8996;19.02.2025;27.02.2025;32;28.02.2025;;541
2365;21.02.2025;26.02.2025;402;26.02.2025;;559
9880;21.02.2025;15.03.2025;145;01.03.2025;;567
3724;23.02.2025;18.03.2025;46;07.03.2025;;601
10600;23.02.2025;11.03.2025;431;06.03.2025;Urèeno pro seminární práci.;607
8781;25.02.2025;06.03.2025;245;06.03.2025;Pro BP;668
10924;04.03.2025;26.03.2025;332;23.03.2025;;771
3732;04.03.2025;13.03.2025;517;13.03.2025;;780
11420;06.03.2025;26.03.2025;534;18.03.2025;;796
9633;09.03.2025;04.04.2025;471;20.03.2025;;816
10447;09.03.2025;05.04.2025;96;24.03.2025;Pokud ji nevrátí v termínu, nedostane zápoèet.;818
7491;09.03.2025;07.04.2025;217;30.03.2025;K diplomové práci;825
9195;12.03.2025;28.04.2025;191;09.04.2025;do výuky;864
9684;14.03.2025;07.04.2025;339;28.03.2025;;882
10971;15.03.2025;18.03.2025;66;19.03.2025;;903
10257;16.03.2025;04.04.2025;113;03.04.2025;;927
3487;16.03.2025;26.03.2025;134;27.03.2025;;940
2397;20.03.2025;01.04.2025;292;30.03.2025;;1023
2145;30.03.2025;14.04.2025;337;15.04.2025;;1131
1106;30.03.2025;04.04.2025;27;05.04.2025;;1143
6976;31.03.2025;07.04.2025;91;09.04.2025;;1153
10100;01.04.2025;23.04.2025;334;08.04.2025;;1191
4622;03.04.2025;18.05.2025;180;03.05.2025;;1237
1193;04.04.2025;27.04.2025;125;18.04.2025;;1242
11585;04.04.2025;12.04.2025;104;11.04.2025;;1264
3041;05.04.2025;30.04.2025;313;26.04.2025;Nepsát e-mail, rovnou volat.;1277
2616;06.04.2025;14.04.2025;313;12.04.2025;;1293
10582;09.04.2025;23.05.2025;402;06.05.2025;;1316
9491;09.04.2025;17.04.2025;287;14.04.2025;;1334
2957;10.04.2025;03.05.2025;11;25.04.2025;;1346
1192;10.04.2025;14.05.2025;477;30.04.2025;;1364
6224;15.04.2025;01.05.2025;183;29.04.2025;;1443
528;15.04.2025;30.04.2025;134;25.04.2025;;1455
5202;16.04.2025;09.05.2025;229;30.04.2025;;1465
3798;18.04.2025;03.05.2025;191;01.05.2025;k vìdeckému èlánku;1487
11616;20.04.2025;01.05.2025;227;01.05.2025;do výuky;1501
5032;24.04.2025;15.05.2025;479;11.05.2025;;1538
4218;24.04.2025;08.05.2025;439;07.05.2025;;1540
10652;26.04.2025;03.05.2025;526;01.05.2025;;1587
7516;26.04.2025;06.06.2025;170;21.05.2025;;1592
6515;28.04.2025;23.05.2025;28;10.05.2025;;1617
8772;30.04.2025;07.05.2025;307;05.05.2025;;1658
11369;30.04.2025;09.05.2025;450;09.05.2025;pohlídat si vèasné vrácení;1685
3908;03.05.2025;26.05.2025;536;18.05.2025;;1741
8497;05.05.2025;21.06.2025;573;11.06.2025;;1768
9176;07.05.2025;29.05.2025;227;21.05.2025;;1790
11626;08.05.2025;13.05.2025;282;13.05.2025;Pro výzkumné úèely.;1810
4393;09.05.2025;04.06.2025;495;26.05.2025;;1844
3739;09.05.2025;26.05.2025;382;20.05.2025;k habilitaci;1856
9818;09.05.2025;16.05.2025;474;15.05.2025;;1859
5489;10.05.2025;12.05.2025;243;14.05.2025;;1868
7371;18.05.2025;30.05.2025;170;29.05.2025;;2004
6675;23.05.2025;10.06.2025;96;04.06.2025;Pokud ji nevrátí v termínu, nedostane zápoèet.;2094
725;24.05.2025;10.06.2025;66;06.06.2025;;2116
5246;24.05.2025;14.06.2025;536;07.06.2025;;2118
8634;28.05.2025;21.06.2025;410;15.06.2025;;2141
8981;02.06.2025;16.07.2025;66;05.07.2025;Ruèí za ni vlastní hlavou.;2216
936;05.06.2025;06.07.2025;447;24.06.2025;;2269
2097;08.06.2025;13.07.2025;457;03.07.2025;;2319
9501;11.06.2025;07.07.2025;317;22.06.2025;;2362
11879;16.06.2025;25.06.2025;239;22.06.2025;;2411
8831;17.06.2025;25.06.2025;401;24.06.2025;;2424
4307;17.06.2025;12.07.2025;573;05.07.2025;pohlídat si vèasné vrácení;2435
10600;18.06.2025;10.07.2025;563;29.06.2025;Urèeno pro seminární práci.;2450
1524;19.06.2025;14.07.2025;100;01.07.2025;;2483
4636;19.06.2025;06.08.2025;411;17.07.2025;;2489
3626;22.06.2025;21.07.2025;486;05.07.2025;;2540
4221;22.06.2025;01.07.2025;72;28.06.2025;;2546
980;22.06.2025;08.08.2025;306;19.07.2025;;2551
6831;27.06.2025;13.07.2025;86;07.07.2025;;2611
4393;28.06.2025;06.08.2025;24;01.08.2025;;2630
5284;29.06.2025;09.07.2025;413;05.07.2025;;2646
3619;30.06.2025;05.07.2025;565;04.07.2025;;2657
9943;30.06.2025;18.07.2025;5;16.07.2025;;2661
5183;01.07.2025;24.07.2025;52;18.07.2025;k projektu;2699
2210;01.07.2025;03.07.2025;268;04.07.2025;;2702
9345;02.07.2025;19.08.2025;156;03.08.2025;;2716
4547;07.07.2025;01.08.2025;490;28.07.2025;;2797
10924;11.07.2025;21.07.2025;293;21.07.2025;;2860
4112;15.07.2025;26.07.2025;517;25.07.2025;k projektu;2932
10064;18.07.2025;02.08.2025;217;04.08.2025;;2965
613;19.07.2025;16.08.2025;402;08.08.2025;pohlídat si vèasné vrácení;3018
3806;23.07.2025;04.08.2025;11;05.08.2025;;3046
10618;23.07.2025;02.08.2025;278;02.08.2025;Ruèí za ni vlastní hlavou.;3056
1512;24.07.2025;05.08.2025;205;04.08.2025;;3080
789;24.07.2025;08.08.2025;116;06.08.2025;;3081
10680;27.07.2025;10.09.2025;82;21.08.2025;k diplomce;3135
5027;30.07.2025;31.08.2025;142;17.08.2025;;3216
2629;01.08.2025;16.08.2025;277;11.08.2025;;3239
5695;01.08.2025;24.08.2025;556;21.08.2025;;3252
1840;02.08.2025;24.08.2025;476;20.08.2025;;3265
4100;04.08.2025;16.08.2025;439;19.08.2025;Urèeno pro seminární práci.;3276
3107;05.08.2025;20.09.2025;195;03.09.2025;;3286
9853;05.08.2025;11.09.2025;96;02.09.2025;;3294
11473;09.08.2025;22.08.2025;78;25.08.2025;;3368
880;12.08.2025;23.08.2025;421;21.08.2025;;3390
6030;13.08.2025;18.08.2025;559;19.08.2025;;3443
4833;14.08.2025;22.08.2025;21;22.08.2025;;3478
7109;15.08.2025;16.09.2025;11;02.09.2025;;3504
11048;17.08.2025;30.09.2025;445;19.09.2025;;3539
3680;20.08.2025;06.09.2025;454;29.08.2025;;3563
11083;27.08.2025;15.09.2025;82;11.09.2025;;3664
6511;31.08.2025;16.09.2025;43;13.09.2025;Pro výzkumné úèely.;3723
10045;02.09.2025;10.09.2025;270;09.09.2025;;3749
7126;02.09.2025;06.10.2025;50;23.09.2025;;3754
10375;04.09.2025;21.09.2025;435;17.09.2025;;3788
9920;05.09.2025;25.09.2025;334;20.09.2025;Pro výzkumné úèely.;3800
11545;05.09.2025;17.09.2025;410;12.09.2025;;3826
10653;06.09.2025;10.10.2025;5;02.10.2025;;3829
584;08.09.2025;02.10.2025;556;22.09.2025;Zapùjèeno pro bakaláøskou práci;3856
11592;17.09.2025;23.10.2025;189;16.10.2025;Pokud ji nevrátí v termínu, nedostane zápoèet.;4024
2210;19.09.2025;28.10.2025;177;12.10.2025;;4084
8528;20.09.2025;25.09.2025;472;26.09.2025;;4116
9892;22.09.2025;01.10.2025;393;30.09.2025;;4152
1455;24.09.2025;13.10.2025;355;10.10.2025;;4172
912;25.09.2025;26.10.2025;468;14.10.2025;Pokud ji nevrátí v termínu, nedostane zápoèet.;4192
887;27.09.2025;30.09.2025;65;01.10.2025;k diplomce;4226
5385;30.09.2025;03.10.2025;255;04.10.2025;;4291
9853;30.09.2025;10.10.2025;231;09.10.2025;;4308
6828;01.10.2025;11.10.2025;207;09.10.2025;;4316
9305;02.10.2025;19.10.2025;201;16.10.2025;;4353
10375;05.10.2025;19.10.2025;100;21.10.2025;Pro disertaci;4404
6359;05.10.2025;12.10.2025;410;12.10.2025;;4409
4045;07.10.2025;26.10.2025;220;22.10.2025;;4455
7991;09.10.2025;28.10.2025;191;24.10.2025;;4465
4100;10.10.2025;13.10.2025;78;14.10.2025;pohlídat si vèasné vrácení;4499
2122;10.10.2025;16.11.2025;209;04.11.2025;;4500
6828;10.10.2025;20.11.2025;146;06.11.2025;;4512
8675;12.10.2025;05.11.2025;540;04.11.2025;;4531
7272;12.10.2025;04.11.2025;561;23.10.2025;;4539
10297;12.10.2025;14.10.2025;159;15.10.2025;studijní materiál;4544
1721;13.10.2025;20.11.2025;52;07.11.2025;;4562
8256;14.10.2025;05.11.2025;105;04.11.2025;;4573
4812;14.10.2025;17.11.2025;490;09.11.2025;;4579
7254;16.10.2025;30.11.2025;188;23.11.2025;;4606
4221;17.10.2025;07.11.2025;473;28.10.2025;Pro výzkumné úèely.;4620
9734;19.10.2025;02.11.2025;2;28.10.2025;;4646
7105;20.10.2025;29.11.2025;386;18.11.2025;pohlídat si vèasné vrácení;4669
7226;23.10.2025;23.11.2025;330;27.11.2025;;4738
10091;24.10.2025;12.11.2025;44;12.11.2025;Pro výzkumné úèely.;4766
2003;26.10.2025;16.11.2025;491;07.11.2025;do výuky;4789
11215;01.11.2025;09.11.2025;96;06.11.2025;Nepsát e-mail, rovnou volat.;4816
4436;01.11.2025;30.11.2025;139;20.11.2025;k habilitaci;4829
4976;04.11.2025;17.12.2025;403;04.12.2025;k projektu;4882
11283;09.11.2025;03.12.2025;486;05.12.2025;;4940
6716;11.11.2025;24.11.2025;450;22.11.2025;;4963
86;11.11.2025;10.12.2025;556;25.11.2025;;4965
613;12.11.2025;25.11.2025;197;21.11.2025;;4972
1361;14.11.2025;06.12.2025;169;28.11.2025;;4997
10978;18.11.2025;26.12.2025;217;18.12.2025;do výuky;5031
4949;20.11.2025;28.11.2025;253;27.11.2025;;5065
9942;21.11.2025;08.12.2025;575;07.12.2025;k vìdeckému èlánku;5083
7108;25.11.2025;22.12.2025;408;09.12.2025;;5191
9914;25.11.2025;30.11.2025;336;30.11.2025;K diplomové práci;5196
9876;26.11.2025;08.01.2026;5;20.12.2025;;5198
8882;28.11.2025;06.01.2026;166;19.12.2025;;5221
7631;29.11.2025;13.12.2025;166;15.12.2025;;5244
7573;30.11.2025;06.12.2025;1;07.12.2025;;5260
3910;30.11.2025;12.12.2025;490;11.12.2025;Pro výzkumné úèely.;5289
9556;01.12.2025;19.12.2025;107;13.12.2025;;5305
936;04.12.2025;14.01.2026;266;04.01.2026;Nepsát e-mail, rovnou volat.;5328
11995;06.12.2025;22.12.2025;99;20.12.2025;do výuky;5361
8371;07.12.2025;27.12.2025;105;19.12.2025;;5386
11792;07.12.2025;18.12.2025;201;18.12.2025;k vìdeckému èlánku;5390
11066;07.12.2025;01.01.2026;452;27.12.2025;;5396
7912;08.12.2025;17.01.2026;182;10.01.2026;;5414
10991;11.12.2025;03.01.2026;24;01.01.2026;Pro BP;5468
9620;11.12.2025;08.01.2026;430;02.01.2026;;5474
7053;13.12.2025;16.12.2025;505;16.12.2025;;5513
5813;13.12.2025;31.01.2026;119;19.01.2026;K diplomové práci;5516
9051;17.12.2025;21.01.2026;52;06.01.2026;k projektu;5589
4945;18.12.2025;29.01.2026;165;10.01.2026;;5626
4366;21.12.2025;15.01.2026;336;07.01.2026;;5669
3905;21.12.2025;05.01.2026;391;03.01.2026;;5692
6332;23.12.2025;28.12.2025;2;01.01.2026;;5729
2769;23.12.2025;18.01.2026;166;11.01.2026;Nepsát e-mail, rovnou volat.;5743
3932;25.12.2025;24.01.2026;481;15.01.2026;Nepsát e-mail, rovnou volat.;5768
7742;28.12.2025;08.01.2026;134;05.01.2026;;5818
6511;28.12.2025;07.01.2026;166;08.01.2026;;5823
1126;28.12.2025;29.01.2026;74;21.01.2026;;5851
9892;28.12.2025;17.01.2026;210;16.01.2026;;5854
11022;01.01.2026;03.01.2026;94;04.01.2026;;5871
11764;02.01.2026;11.01.2026;396;13.01.2026;;5881
7535;05.01.2026;11.01.2026;550;11.01.2026;;5939
5197;07.01.2026;12.01.2026;234;13.01.2026;;5980
880;08.01.2026;22.02.2026;468;07.02.2026;;5993
3372;09.01.2026;14.01.2026;396;14.01.2026;Pro BP;6012
10447;10.01.2026;04.02.2026;129;01.02.2026;;6032
10256;15.01.2026;06.02.2026;393;05.02.2026;;6092
5931;16.01.2026;08.02.2026;312;30.01.2026;;6129
7911;17.01.2026;26.01.2026;110;24.01.2026;;6145
613;17.01.2026;01.02.2026;524;31.01.2026;;6146
11941;19.01.2026;24.01.2026;377;24.01.2026;;6164
1273;20.01.2026;10.02.2026;426;01.02.2026;;6181
4758;21.01.2026;29.01.2026;184;30.01.2026;;6204
5460;21.01.2026;10.02.2026;460;01.02.2026;;6206
9672;22.01.2026;21.02.2026;82;13.02.2026;;6214
7254;22.01.2026;19.02.2026;148;13.02.2026;;6219
7079;23.01.2026;08.02.2026;107;07.02.2026;Pokud ji nevrátí v termínu, nedostane zápoèet.;6234
1837;27.01.2026;09.02.2026;382;05.02.2026;pohlídat si vèasné vrácení;6276
5340;01.02.2026;16.02.2026;182;15.02.2026;;6331
4797;07.02.2026;07.03.2026;94;27.02.2026;k diplomce;6376
513;08.02.2026;22.02.2026;557;20.02.2026;;6396
980;09.02.2026;26.02.2026;229;23.02.2026;;6414
4818;11.02.2026;01.03.2026;400;26.02.2026;;6441
4461;12.02.2026;24.02.2026;209;20.02.2026;;6466
5588;12.02.2026;03.03.2026;470;25.02.2026;;6471
9210;14.02.2026;07.03.2026;515;02.03.2026;;6507
11083;14.02.2026;01.04.2026;138;11.03.2026;;6522
1308;16.02.2026;25.02.2026;94;27.02.2026;;6555
4083;17.02.2026;21.02.2026;247;23.02.2026;;6563
936;21.02.2026;05.04.2026;412;18.03.2026;;6611
11879;21.02.2026;01.03.2026;100;02.03.2026;k projektu;6621
84;21.02.2026;19.03.2026;105;12.03.2026;;6622
4956;21.02.2026;31.03.2026;397;10.03.2026;;6624
4718;26.02.2026;30.03.2026;292;19.03.2026;;6700
3066;28.02.2026;18.03.2026;545;09.03.2026;;6723
5340;28.02.2026;18.03.2026;356;09.03.2026;;6724
3506;01.03.2026;09.03.2026;159;07.03.2026;k vìdeckému èlánku;6800
2883;02.03.2026;28.03.2026;458;12.03.2026;k habilitaci;6808
2482;05.03.2026;08.03.2026;566;09.03.2026;;6847
9858;08.03.2026;18.03.2026;440;18.03.2026;;6897
4543;08.03.2026;26.03.2026;191;20.03.2026;;6898
9090;10.03.2026;08.04.2026;266;25.03.2026;;6923
8401;10.03.2026;26.03.2026;239;26.03.2026;Pro výzkumné úèely.;6934
4122;11.03.2026;21.03.2026;337;19.03.2026;;6943
4013;11.03.2026;31.03.2026;247;26.03.2026;;6953
7254;12.03.2026;01.04.2026;542;23.03.2026;Ruèí za ni vlastní hlavou.;6970
8451;15.03.2026;20.04.2026;117;05.04.2026;;7002
7756;20.03.2026;07.04.2026;414;31.03.2026;;7058
5945;23.03.2026;10.04.2026;519;06.04.2026;;7113
3076;28.03.2026;13.04.2026;125;13.04.2026;;7210
3042;29.03.2026;14.04.2026;247;13.04.2026;;7222
9821;29.03.2026;10.04.2026;402;07.04.2026;Pro BP;7227
7059;29.03.2026;25.04.2026;549;22.04.2026;;7231
2281;30.03.2026;22.04.2026;452;12.04.2026;;7255
9876;31.03.2026;04.05.2026;377;25.04.2026;Urèeno pro seminární práci.;7279
5370;02.04.2026;09.04.2026;52;09.04.2026;;7297
2989;02.04.2026;20.04.2026;34;18.04.2026;;7302
11162;03.04.2026;29.04.2026;437;21.04.2026;;7328
4256;05.04.2026;21.04.2026;503;18.04.2026;;7371
2336;07.04.2026;16.04.2026;136;14.04.2026;Pro výzkumné úèely.;7405
3122;08.04.2026;01.05.2026;335;26.04.2026;Pro BP;7426
4095;09.04.2026;04.05.2026;282;20.04.2026;;7435
10600;11.04.2026;28.05.2026;274;05.05.2026;;7470
583;12.04.2026;18.05.2026;270;02.05.2026;;7513
8777;13.04.2026;14.05.2026;393;01.05.2026;;7524
4176;15.04.2026;15.05.2026;421;05.05.2026;;7556
8170;15.04.2026;03.05.2026;371;02.05.2026;Pro výzkumné úèely.;7560
5588;15.04.2026;30.04.2026;139;30.04.2026;Pokud ji nevrátí v termínu, nedostane zápoèet.;7567
1322;17.04.2026;06.05.2026;107;24.04.2026;;7600
2152;17.04.2026;03.06.2026;210;14.05.2026;;7602
7660;17.04.2026;08.05.2026;323;11.05.2026;;7610
8781;18.04.2026;21.05.2026;268;20.05.2026;Urèeno pro seminární práci.;7629
9702;22.04.2026;18.05.2026;445;11.05.2026;Nepsát e-mail, rovnou volat.;7681
11083;27.04.2026;15.05.2026;491;14.05.2026;;7757
6197;27.04.2026;18.05.2026;450;14.05.2026;;7776
4625;28.04.2026;02.05.2026;293;04.05.2026;;7785
2765;02.05.2026;24.05.2026;540;20.05.2026;;7881
1322;02.05.2026;15.06.2026;113;05.06.2026;do výuky;7887
7150;03.05.2026;02.06.2026;154;02.06.2026;;7911
4122;05.05.2026;01.06.2026;491;30.05.2026;;7952
7888;05.05.2026;18.05.2026;182;15.05.2026;Pro BP;7962
3554;07.05.2026;07.06.2026;328;07.06.2026;;7998
8549;08.05.2026;05.06.2026;491;30.05.2026;;8005
6005;08.05.2026;19.06.2026;116;05.06.2026;;8009
2210;15.05.2026;19.06.2026;472;13.06.2026;;8110
7631;15.05.2026;29.05.2026;255;29.05.2026;k vìdeckému èlánku;8123
8319;16.05.2026;21.06.2026;227;09.06.2026;;8132
756;16.05.2026;07.06.2026;481;30.05.2026;Zapùjèeno pro bakaláøskou práci;8136
5284;16.05.2026;15.06.2026;368;06.06.2026;;8141
4440;16.05.2026;21.05.2026;313;20.05.2026;;8147
4543;17.05.2026;25.06.2026;320;12.06.2026;;8176
8330;18.05.2026;21.06.2026;125;13.06.2026;;8188
9398;19.05.2026;06.06.2026;306;29.05.2026;;8216
4194;21.05.2026;10.06.2026;189;06.06.2026;k habilitaci;8262
8142;27.05.2026;10.07.2026;446;25.06.2026;;8375
7516;28.05.2026;20.06.2026;43;11.06.2026;;8379
10924;28.05.2026;12.06.2026;394;12.06.2026;;8387
5385;29.05.2026;18.06.2026;364;13.06.2026;;8406
6747;30.05.2026;30.06.2026;551;21.06.2026;;8409
7820;01.06.2026;10.06.2026;204;09.06.2026;;8429
7226;01.06.2026;18.06.2026;447;14.06.2026;;8438
12003;01.06.2026;25.06.2026;136;20.06.2026;;8450
1193;03.06.2026;27.06.2026;274;20.06.2026;;8461
5561;07.06.2026;15.06.2026;476;14.06.2026;;8511
3554;13.06.2026;29.06.2026;131;21.06.2026;Pro disertaci;8577
7628;18.06.2026;06.07.2026;231;30.06.2026;už nevím, co jsem si chtìl poznamenat;8643
10971;19.06.2026;03.07.2026;276;29.06.2026;;8659
2338;23.06.2026;13.07.2026;100;09.07.2026;;8691
4911;25.06.2026;05.07.2026;545;07.07.2026;;8730
3724;27.06.2026;30.07.2026;39;24.07.2026;;8761
6228;27.06.2026;13.07.2026;129;17.07.2026;;8765
1750;30.06.2026;09.08.2026;440;27.07.2026;k diplomce;8820
675;01.07.2026;12.08.2026;274;06.08.2026;;8834
10772;01.07.2026;25.07.2026;504;16.07.2026;;8848
684;02.07.2026;17.07.2026;248;17.07.2026;k diplomce;8850
563;02.07.2026;14.07.2026;182;13.07.2026;;8851
2259;02.07.2026;22.07.2026;307;18.07.2026;;8852
7711;11.07.2026;12.08.2026;117;26.07.2026;;8980
7649;11.07.2026;20.07.2026;440;18.07.2026;;8981
5920;15.07.2026;13.08.2026;334;03.08.2026;;9042
11253;16.07.2026;25.07.2026;414;25.07.2026;;9051
4529;19.07.2026;05.08.2026;210;30.07.2026;;9097
9821;20.07.2026;08.08.2026;197;06.08.2026;;9127
7884;20.07.2026;27.07.2026;444;27.07.2026;;9139
2960;23.07.2026;28.08.2026;131;14.08.2026;;9152
6841;24.07.2026;05.09.2026;219;19.08.2026;;9180
6306;29.07.2026;07.08.2026;490;08.08.2026;už nevím, co jsem si chtìl poznamenat;9271
7103;01.08.2026;03.09.2026;115;25.08.2026;;9315
10913;02.08.2026;10.08.2026;489;08.08.2026;;9326
10941;02.08.2026;08.08.2026;195;08.08.2026;pohlídat si vèasné vrácení;9328
5929;02.08.2026;13.08.2026;556;10.08.2026;;9336
563;03.08.2026;27.08.2026;2;20.08.2026;;9357
10895;04.08.2026;17.08.2026;287;13.08.2026;;9370
2091;06.08.2026;12.08.2026;217;12.08.2026;k projektu;9399
2861;12.08.2026;01.09.2026;99;25.08.2026;;9519
10581;13.08.2026;19.08.2026;52;18.08.2026;;9531
11834;14.08.2026;29.08.2026;217;25.08.2026;;9547
8205;14.08.2026;08.09.2026;91;31.08.2026;;9549
1013;14.08.2026;03.09.2026;99;03.09.2026;;9550
8682;15.08.2026;31.08.2026;288;28.08.2026;;9577
8241;17.08.2026;23.09.2026;191;06.09.2026;Urèeno pro seminární práci.;9617
6347;23.08.2026;01.10.2026;463;14.09.2026;;9694
3338;23.08.2026;31.08.2026;281;31.08.2026;;9701
4224;26.08.2026;01.09.2026;437;02.09.2026;Ruèí za ni vlastní hlavou.;9722
11847;26.08.2026;10.09.2026;201;05.09.2026;už nevím, co jsem si chtìl poznamenat;9724
452;27.08.2026;13.09.2026;412;09.09.2026;k vìdeckému èlánku;9733
1302;28.08.2026;30.09.2026;134;28.09.2026;;9754
2041;30.08.2026;11.09.2026;406;05.09.2026;;9796
12003;04.09.2026;06.09.2026;454;07.09.2026;;9880
10971;04.09.2026;06.09.2026;195;07.09.2026;Pro disertaci;9889
7108;04.09.2026;11.09.2026;14;08.09.2026;;9908
10163;08.09.2026;27.09.2026;496;22.09.2026;Nepsát e-mail, rovnou volat.;9968
11537;12.09.2026;04.10.2026;201;28.09.2026;Pokud ji nevrátí v termínu, nedostane zápoèet.;10039
7966;12.09.2026;04.10.2026;474;24.09.2026;;10044
4095;16.09.2026;03.10.2026;469;30.09.2026;;10103
3107;17.09.2026;20.10.2026;489;11.10.2026;Urèeno pro seminární práci.;10131
1104;18.09.2026;05.10.2026;46;04.10.2026;;10133
11603;18.09.2026;01.11.2026;442;12.10.2026;;10136
2025;19.09.2026;09.10.2026;457;04.10.2026;;10156
11420;20.09.2026;18.10.2026;6;11.10.2026;;10203
9818;23.09.2026;21.10.2026;165;16.10.2026;;10247
5460;24.09.2026;30.09.2026;259;30.09.2026;;10257
2397;24.09.2026;07.11.2026;293;21.10.2026;pro projekt EU;10265
8371;28.09.2026;18.10.2026;561;15.10.2026;Pro disertaci;10349
3622;29.09.2026;04.10.2026;436;04.10.2026;;10371
11534;29.09.2026;04.10.2026;556;05.10.2026;;10376
8964;02.10.2026;15.10.2026;394;09.10.2026;pohlídat si vèasné vrácení;10448
7969;02.10.2026;19.11.2026;220;18.11.2026;;10449
1518;03.10.2026;01.11.2026;440;19.10.2026;Nepsát e-mail, rovnou volat.;10465
4436;03.10.2026;24.10.2026;440;17.10.2026;;10473
2347;05.10.2026;26.10.2026;513;21.10.2026;;10515
10219;09.10.2026;27.11.2026;152;22.11.2026;;10573
7991;09.10.2026;13.10.2026;206;15.10.2026;;10577
10582;14.10.2026;16.11.2026;148;04.11.2026;;10647
11028;15.10.2026;21.11.2026;169;09.11.2026;;10651
3695;16.10.2026;04.11.2026;213;21.10.2026;;10671
427;17.10.2026;19.11.2026;446;03.11.2026;;10691
6303;17.10.2026;02.11.2026;517;27.10.2026;;10692
7053;21.10.2026;15.11.2026;303;02.11.2026;;10732
9060;21.10.2026;22.11.2026;361;16.11.2026;Nepsát e-mail, rovnou volat.;10734
11362;22.10.2026;18.11.2026;91;06.11.2026;;10758
11009;22.10.2026;24.11.2026;86;14.11.2026;k diplomce;10767
646;26.10.2026;19.11.2026;39;08.11.2026;;10829
2916;26.10.2026;05.11.2026;490;05.11.2026;;10835
7357;04.11.2026;22.11.2026;274;16.11.2026;;10951
1837;06.11.2026;02.12.2026;1;21.11.2026;;10976
8601;07.11.2026;26.11.2026;1;22.11.2026;;10985
5158;11.11.2026;11.12.2026;243;30.11.2026;;11021
8831;12.11.2026;14.11.2026;1;15.11.2026;;11048
10715;13.11.2026;23.11.2026;462;19.11.2026;už nevím, co jsem si chtìl poznamenat;11069
3626;15.11.2026;29.11.2026;392;25.11.2026;;11111
3500;16.11.2026;10.12.2026;494;25.11.2026;Ruèí za ni vlastní hlavou.;11128
1828;17.11.2026;17.12.2026;336;11.12.2026;;11161
10350;18.11.2026;18.12.2026;217;12.12.2026;;11178
936;22.11.2026;15.12.2026;519;07.12.2026;;11237
8535;23.11.2026;26.12.2026;336;16.12.2026;;11264
3724;26.11.2026;23.12.2026;503;12.12.2026;;11299
10658;02.12.2026;08.01.2027;307;27.12.2026;;11392
5863;02.12.2026;16.12.2026;468;12.12.2026;;11393
274;02.12.2026;03.01.2027;524;21.12.2026;;11402
3066;04.12.2026;28.12.2026;566;25.12.2026;;11426
7491;04.12.2026;18.01.2027;43;04.01.2027;Ruèí za ni vlastní hlavou.;11429
8601;04.12.2026;11.12.2026;460;07.12.2026;;11443
9821;06.12.2026;22.01.2027;300;08.01.2027;;11478
10564;07.12.2026;28.12.2026;514;28.12.2026;;11503
2511;08.12.2026;15.01.2027;282;25.12.2026;pro projekt EU;11545
2236;14.12.2026;28.12.2026;265;26.12.2026;;11613
7359;20.12.2026;22.01.2027;78;22.01.2027;;11703
7329;26.12.2026;08.01.2027;180;01.01.2027;;11760
427;27.12.2026;30.01.2027;311;22.01.2027;;11773
11909;28.12.2026;22.01.2027;182;24.01.2027;už nevím, co jsem si chtìl poznamenat;11814
9537;01.01.2027;11.01.2027;204;09.01.2027;;11829
6083;01.01.2027;11.02.2027;69;22.01.2027;;11852
6991;02.01.2027;25.01.2027;371;25.01.2027;;11854
1840;02.01.2027;30.01.2027;213;13.01.2027;;11882
8667;08.01.2027;20.02.2027;206;06.02.2027;;11960
7969;17.01.2027;01.03.2027;220;18.02.2027;;12107
6190;17.01.2027;10.02.2027;540;28.01.2027;;12121
10067;19.01.2027;21.02.2027;490;18.02.2027;;12151
6110;21.01.2027;17.02.2027;89;05.02.2027;;12171
7316;21.01.2027;17.02.2027;386;10.02.2027;;12172
6663;25.01.2027;01.02.2027;478;31.01.2027;;12233
10685;27.01.2027;12.02.2027;454;15.02.2027;Zapùjèeno pro bakaláøskou práci;12268
5073;30.01.2027;28.02.2027;430;15.02.2027;;12328
1104;01.02.2027;15.02.2027;24;14.02.2027;;12345
10277;02.02.2027;18.02.2027;289;17.02.2027;;12363
10946;05.02.2027;10.02.2027;24;10.02.2027;;12415
11220;07.02.2027;24.02.2027;382;24.02.2027;Zapùjèeno pro bakaláøskou práci;12436
1885;07.02.2027;15.02.2027;460;15.02.2027;;12439
3583;10.02.2027;10.03.2027;202;08.03.2027;k habilitaci;12517
6030;15.02.2027;12.03.2027;334;28.02.2027;už nevím, co jsem si chtìl poznamenat;12569
2364;18.02.2027;17.03.2027;143;07.03.2027;;12643
8355;19.02.2027;10.03.2027;540;05.03.2027;k vìdeckému èlánku;12687
6384;22.02.2027;04.04.2027;182;16.03.2027;;12740
9412;25.02.2027;26.03.2027;52;22.03.2027;;12786
936;28.02.2027;16.03.2027;226;13.03.2027;;12805
9750;28.02.2027;01.03.2027;541;02.03.2027;;12828
3396;28.02.2027;08.04.2027;226;24.03.2027;;12857
1313;03.03.2027;22.03.2027;100;20.03.2027;;12917
5305;04.03.2027;12.03.2027;129;10.03.2027;;12919
9484;07.03.2027;25.03.2027;177;19.03.2027;;12946
2003;07.03.2027;18.03.2027;219;18.03.2027;;12948
2629;11.03.2027;19.03.2027;289;22.03.2027;;13010
789;17.03.2027;29.03.2027;100;31.03.2027;;13131
9183;20.03.2027;02.05.2027;98;15.04.2027;;13176
4221;24.03.2027;05.04.2027;442;05.04.2027;K diplomové práci;13231
5568;25.03.2027;04.04.2027;387;04.04.2027;;13252
4064;26.03.2027;13.04.2027;246;11.04.2027;;13261
11083;26.03.2027;06.04.2027;549;05.04.2027;Pro výzkumné úèely.;13265
7045;26.03.2027;26.04.2027;387;13.04.2027;;13273
9914;30.03.2027;19.04.2027;204;15.04.2027;;13305
3539;31.03.2027;08.04.2027;364;07.04.2027;;13319
1455;01.04.2027;24.04.2027;229;19.04.2027;;13326
10305;01.04.2027;06.04.2027;300;05.04.2027;;13331
3242;05.04.2027;14.04.2027;495;11.04.2027;už nevím, co jsem si chtìl poznamenat;13397
1308;06.04.2027;13.05.2027;138;04.05.2027;Pokud ji nevrátí v termínu, nedostane zápoèet.;13424
9285;08.04.2027;25.04.2027;50;21.04.2027;;13460
3664;12.04.2027;18.04.2027;489;16.04.2027;;13510
8166;13.04.2027;25.04.2027;93;19.04.2027;;13526
4625;13.04.2027;19.05.2027;170;07.05.2027;studijní materiál;13532
6171;15.04.2027;01.06.2027;442;13.05.2027;;13569
8861;18.04.2027;09.05.2027;213;30.04.2027;do výuky;13612
1790;19.04.2027;08.05.2027;395;08.05.2027;;13617
7363;19.04.2027;23.04.2027;283;23.04.2027;;13625
3913;20.04.2027;30.04.2027;561;26.04.2027;;13644
3242;24.04.2027;08.06.2027;356;17.05.2027;Zapùjèeno pro bakaláøskou práci;13699
6384;24.04.2027;13.05.2027;96;06.05.2027;;13716
1559;26.04.2027;06.05.2027;226;05.05.2027;do výuky;13760
1992;01.05.2027;10.05.2027;272;13.05.2027;;13823
1352;03.05.2027;11.05.2027;473;09.05.2027;;13850
9920;04.05.2027;04.06.2027;382;25.05.2027;;13882
7264;07.05.2027;21.05.2027;481;18.05.2027;;13916
10383;07.05.2027;19.05.2027;16;16.05.2027;;13927
2300;10.05.2027;21.05.2027;515;19.05.2027;;13988
5027;14.05.2027;08.06.2027;264;03.06.2027;;14063
11335;18.05.2027;15.06.2027;369;29.05.2027;;14122
3021;19.05.2027;21.06.2027;378;04.06.2027;;14147
2025;19.05.2027;04.06.2027;367;03.06.2027;;14154
1601;19.05.2027;01.07.2027;295;13.06.2027;;14159
7053;24.05.2027;05.06.2027;563;04.06.2027;;14226
1537;28.05.2027;09.07.2027;566;04.07.2027;;14286
5931;01.06.2027;27.06.2027;139;15.06.2027;;14308
8608;02.06.2027;03.07.2027;197;22.06.2027;;14316
4064;02.06.2027;15.06.2027;227;07.06.2027;;14328
6723;02.06.2027;05.06.2027;472;06.06.2027;;14331
936;03.06.2027;24.06.2027;566;18.06.2027;;14339
10941;05.06.2027;12.07.2027;396;20.06.2027;;14373
8964;07.06.2027;25.06.2027;156;24.06.2027;;14402
2109;15.06.2027;05.07.2027;11;02.07.2027;;14509
1559;16.06.2027;25.06.2027;145;24.06.2027;Zapùjèeno pro bakaláøskou práci;14518
10747;17.06.2027;19.06.2027;170;20.06.2027;do výuky;14540
2421;18.06.2027;16.07.2027;471;02.07.2027;;14555
10100;18.06.2027;10.07.2027;253;30.06.2027;;14558
6083;22.06.2027;15.07.2027;112;09.07.2027;;14614
2700;26.06.2027;11.08.2027;107;22.07.2027;Zapùjèeno pro bakaláøskou práci;14668
5246;26.06.2027;14.07.2027;44;05.07.2027;do výuky;14681
1302;27.06.2027;05.07.2027;336;05.07.2027;studijní materiál;14696
9814;30.06.2027;22.07.2027;356;15.07.2027;;14718
1790;03.07.2027;12.07.2027;274;10.07.2027;;14770
7005;03.07.2027;26.07.2027;323;18.07.2027;Pokud ji nevrátí v termínu, nedostane zápoèet.;14776
3177;04.07.2027;27.07.2027;131;17.07.2027;k diplomce;14782
9231;04.07.2027;08.07.2027;209;07.07.2027;;14789
6030;13.07.2027;27.07.2027;491;26.07.2027;;14950
10971;14.07.2027;29.08.2027;71;23.08.2027;;14972
8712;14.07.2027;30.07.2027;561;27.07.2027;;14977
9665;16.07.2027;24.07.2027;113;24.07.2027;;15020
10133;24.07.2027;03.08.2027;247;30.07.2027;;15118
9430;24.07.2027;15.08.2027;159;03.08.2027;;15136
5489;24.07.2027;16.08.2027;536;10.08.2027;;15137
7806;24.07.2027;10.08.2027;557;03.08.2027;;15144
1042;24.07.2027;27.07.2027;276;28.07.2027;;15147
1992;25.07.2027;12.08.2027;541;06.08.2027;Ruèí za ni vlastní hlavou.;15156
10014;26.07.2027;30.08.2027;337;21.08.2027;;15157
11310;28.07.2027;18.08.2027;104;12.08.2027;Pro výzkumné úèely.;15200
8330;01.08.2027;07.08.2027;65;08.08.2027;;15247
274;03.08.2027;02.09.2027;321;23.08.2027;;15299
383;13.08.2027;31.08.2027;392;23.08.2027;;15446
9943;14.08.2027;08.09.2027;14;09.09.2027;;15451
684;20.08.2027;10.09.2027;559;31.08.2027;;15569
6619;31.08.2027;20.09.2027;412;16.09.2027;Nepsát e-mail, rovnou volat.;15770
9994;01.09.2027;03.10.2027;234;24.09.2027;;15773
6804;02.09.2027;01.10.2027;91;30.09.2027;;15784
9944;07.09.2027;24.10.2027;439;05.10.2027;;15873
2457;08.09.2027;07.10.2027;2;04.10.2027;;15881
10898;11.09.2027;29.09.2027;442;18.09.2027;;15946
8319;12.09.2027;30.09.2027;230;25.09.2027;;15950
575;15.09.2027;01.10.2027;501;01.10.2027;;16007
7535;16.09.2027;25.09.2027;496;23.09.2027;Pro výzkumné úèely.;16034
4030;21.09.2027;30.09.2027;434;29.09.2027;K diplomové práci;16106
1721;27.09.2027;14.10.2027;364;04.10.2027;do výuky;16175
10287;04.10.2027;13.10.2027;510;11.10.2027;;16304
10420;06.10.2027;26.10.2027;469;22.10.2027;;16336
2870;06.10.2027;03.11.2027;519;24.10.2027;;16343
6710;09.10.2027;05.11.2027;385;19.10.2027;;16393
4416;14.10.2027;06.11.2027;447;22.10.2027;Pro BP;16475
11941;14.10.2027;09.11.2027;307;26.10.2027;;16482
9898;14.10.2027;04.11.2027;67;02.11.2027;;16485
2658;17.10.2027;24.10.2027;337;23.10.2027;;16539
11971;19.10.2027;21.10.2027;413;22.10.2027;pohlídat si vèasné vrácení;16573
7868;19.10.2027;14.11.2027;144;08.11.2027;;16574
6290;19.10.2027;06.12.2027;180;25.11.2027;Nepsát e-mail, rovnou volat.;16581
4697;21.10.2027;12.11.2027;117;07.11.2027;;16603
213;27.10.2027;12.12.2027;430;28.11.2027;;16694
6190;28.10.2027;21.11.2027;334;11.11.2027;;16743
2482;04.11.2027;05.12.2027;396;21.11.2027;;16812
4513;05.11.2027;07.11.2027;247;08.11.2027;;16817
1865;05.11.2027;21.11.2027;540;22.11.2027;K diplomové práci;16819
9944;08.11.2027;11.12.2027;327;04.12.2027;;16855
1790;08.11.2027;08.12.2027;226;30.11.2027;do výuky;16857
2989;08.11.2027;17.12.2027;336;28.11.2027;k projektu;16860
880;11.11.2027;24.12.2027;125;12.12.2027;;16906
4451;11.11.2027;25.12.2027;197;21.12.2027;;16923
10557;13.11.2027;19.11.2027;421;15.11.2027;;16946
9694;19.11.2027;29.12.2027;213;21.12.2027;;17042
11169;19.11.2027;12.12.2027;450;10.12.2027;Pokud ji nevrátí v termínu, nedostane zápoèet.;17058
2883;23.11.2027;22.12.2027;71;19.12.2027;;17122
5075;23.11.2027;05.12.2027;565;01.12.2027;Zapùjèeno pro bakaláøskou práci;17138
9805;26.11.2027;15.12.2027;284;10.12.2027;;17181
2227;27.11.2027;11.12.2027;276;12.12.2027;;17188
11283;27.11.2027;25.12.2027;230;18.12.2027;studijní materiál;17189
2076;30.11.2027;02.01.2028;469;19.12.2027;k vìdeckému èlánku;17264
210;01.12.2027;05.01.2028;270;28.12.2027;;17269
4956;02.12.2027;23.12.2027;264;21.12.2027;Pro výzkumné úèely.;17272
9880;03.12.2027;19.01.2028;472;09.01.2028;;17316
6945;10.12.2027;03.01.2028;9;22.12.2027;;17459
10383;10.12.2027;13.12.2027;72;14.12.2027;;17462
7991;10.12.2027;14.01.2028;107;05.01.2028;Pro BP;17463
3992;10.12.2027;09.01.2028;415;02.01.2028;;17466
11048;14.12.2027;01.01.2028;207;26.12.2027;;17512
8368;15.12.2027;21.12.2027;452;20.12.2027;;17533
8485;15.12.2027;25.01.2028;184;20.01.2028;;17540
10033;15.12.2027;21.01.2028;549;05.01.2028;;17546
3806;15.12.2027;19.01.2028;202;28.12.2027;;17555
8087;16.12.2027;06.01.2028;313;02.01.2028;do výuky;17572
10800;16.12.2027;05.01.2028;259;04.01.2028;;17577
3860;19.12.2027;28.12.2027;191;28.12.2027;;17623
2146;20.12.2027;03.01.2028;152;28.12.2027;K diplomové práci;17661
6758;21.12.2027;14.01.2028;551;16.01.2028;;17679
4234;25.12.2027;20.01.2028;94;12.01.2028;k vìdeckému èlánku;17754
5619;29.12.2027;10.01.2028;403;09.01.2028;;17814
2357;01.01.2028;23.01.2028;27;15.01.2028;;17831
10287;02.01.2028;27.01.2028;207;23.01.2028;;17849
8535;04.01.2028;16.01.2028;136;16.01.2028;k projektu;17877
1179;05.01.2028;22.01.2028;323;20.01.2028;;17904
3396;05.01.2028;15.01.2028;143;15.01.2028;;17917
10397;11.01.2028;18.01.2028;386;21.01.2028;;18027
8205;12.01.2028;23.02.2028;573;10.02.2028;;18045
2870;12.01.2028;07.02.2028;519;29.01.2028;Pro BP;18048
10707;13.01.2028;19.01.2028;131;17.01.2028;;18075
1380;13.01.2028;15.01.2028;234;16.01.2028;;18078
833;17.01.2028;21.01.2028;423;21.01.2028;Pro disertaci;18093
3908;19.01.2028;05.02.2028;441;26.01.2028;k vìdeckému èlánku;18127
3516;23.01.2028;17.02.2028;566;11.02.2028;;18159
974;26.01.2028;21.02.2028;213;11.02.2028;k diplomce;18227
4270;28.01.2028;09.02.2028;28;09.02.2028;;18253
10652;29.01.2028;03.03.2028;112;19.02.2028;;18267
4739;03.02.2028;14.03.2028;334;27.02.2028;Ruèí za ni vlastní hlavou.;18351
5645;07.02.2028;20.02.2028;457;13.02.2028;;18412
4266;07.02.2028;18.02.2028;479;15.02.2028;;18413
4601;14.02.2028;27.03.2028;115;10.03.2028;;18497
11627;15.02.2028;19.02.2028;337;20.02.2028;;18528
3202;16.02.2028;15.03.2028;283;07.03.2028;;18539
1586;18.02.2028;21.02.2028;311;22.02.2028;;18581
10776;19.02.2028;15.03.2028;563;06.03.2028;;18584
7508;20.02.2028;26.02.2028;65;26.02.2028;;18627
4758;20.02.2028;07.04.2028;264;21.03.2028;;18632
6074;22.02.2028;28.02.2028;247;28.02.2028;;18651
9681;25.02.2028;02.04.2028;550;28.03.2028;;18700
4125;26.02.2028;03.03.2028;28;02.03.2028;Pro BP;18714
7935;29.02.2028;16.03.2028;400;12.03.2028;k diplomce;18765
9129;29.02.2028;03.04.2028;323;20.03.2028;;18787
1582;01.03.2028;05.03.2028;204;06.03.2028;;18808
5246;05.03.2028;19.03.2028;220;14.03.2028;;18850
11750;07.03.2028;11.03.2028;478;11.03.2028;;18893
4127;07.03.2028;29.03.2028;52;26.03.2028;;18901
3360;08.03.2028;05.04.2028;336;31.03.2028;;18924
3163;10.03.2028;06.04.2028;112;26.03.2028;;18976
1273;11.03.2028;18.03.2028;136;18.03.2028;;18984
8964;16.03.2028;18.04.2028;412;05.04.2028;;19076
11534;23.03.2028;28.03.2028;452;29.03.2028;k habilitaci;19202
11740;24.03.2028;22.04.2028;202;13.04.2028;;19221
9672;25.03.2028;27.04.2028;145;19.04.2028;;19229
1273;28.03.2028;21.04.2028;355;06.04.2028;;19273
833;29.03.2028;04.04.2028;96;03.04.2028;;19305
1104;29.03.2028;07.04.2028;138;07.04.2028;už nevím, co jsem si chtìl poznamenat;19325
2666;29.03.2028;20.04.2028;204;19.04.2028;;19328
3927;31.03.2028;16.05.2028;67;28.04.2028;;19347
9556;03.04.2028;21.04.2028;144;24.04.2028;Zapùjèeno pro bakaláøskou práci;19391
11473;07.04.2028;01.05.2028;321;26.04.2028;;19453
62;08.04.2028;17.04.2028;88;18.04.2028;;19459
2462;08.04.2028;01.05.2028;253;24.04.2028;;19466
887;08.04.2028;17.04.2028;274;18.04.2028;;19473
8502;09.04.2028;17.04.2028;401;16.04.2028;;19502
6347;13.04.2028;27.05.2028;234;25.05.2028;k diplomce;19547
3509;13.04.2028;15.04.2028;96;16.04.2028;;19557
1179;15.04.2028;07.05.2028;289;29.04.2028;pohlídat si vèasné vrácení;19616
1380;15.04.2028;19.05.2028;510;10.05.2028;Urèeno pro seminární práci.;19625
2830;22.04.2028;12.05.2028;330;29.04.2028;;19720
6190;22.04.2028;30.04.2028;2;30.04.2028;už nevím, co jsem si chtìl poznamenat;19724
9582;22.04.2028;15.05.2028;312;12.05.2028;;19727
10905;28.04.2028;07.05.2028;503;09.05.2028;;19805
8502;30.04.2028;01.06.2028;34;25.05.2028;;19841
6804;01.05.2028;14.06.2028;117;29.05.2028;;19845
6149;02.05.2028;18.05.2028;246;20.05.2028;;19870
1273;03.05.2028;03.06.2028;117;29.05.2028;;19887
11106;04.05.2028;02.06.2028;477;26.05.2028;Pro výzkumné úèely.;19906
11169;09.05.2028;29.05.2028;46;25.05.2028;;20014
775;09.05.2028;05.06.2028;408;30.05.2028;;20019
11543;11.05.2028;29.05.2028;209;26.05.2028;;20061
5153;15.05.2028;02.06.2028;515;30.05.2028;;20122
10847;18.05.2028;20.05.2028;385;21.05.2028;;20164
11283;18.05.2028;19.06.2028;93;09.06.2028;;20165
9621;19.05.2028;30.05.2028;541;26.05.2028;;20178
8142;20.05.2028;05.06.2028;531;26.05.2028;;20203
11338;24.05.2028;21.06.2028;113;15.06.2028;;20244
8729;24.05.2028;17.06.2028;445;05.06.2028;Pro BP;20249
9299;26.05.2028;09.06.2028;277;09.06.2028;;20258
6663;03.06.2028;21.06.2028;270;16.06.2028;;20344
468;09.06.2028;25.06.2028;437;28.06.2028;;20442
62;12.06.2028;04.07.2028;165;30.06.2028;k vìdeckému èlánku;20522
8832;13.06.2028;28.07.2028;440;10.07.2028;;20523
11487;20.06.2028;07.07.2028;287;28.06.2028;;20625
10103;21.06.2028;14.07.2028;159;03.07.2028;;20640
1861;21.06.2028;08.07.2028;415;08.07.2028;;20641
4867;23.06.2028;30.06.2028;46;30.06.2028;;20653
4585;27.06.2028;06.08.2028;408;16.07.2028;;20703
5284;29.06.2028;08.07.2028;306;06.07.2028;;20729
3471;29.06.2028;08.07.2028;238;09.07.2028;;20730
84;01.07.2028;12.08.2028;550;29.07.2028;;20775
2338;02.07.2028;15.07.2028;146;12.07.2028;Pokud ji nevrátí v termínu, nedostane zápoèet.;20795
6109;03.07.2028;14.07.2028;86;11.07.2028;Pro výzkumné úèely.;20809
6675;10.07.2028;15.07.2028;374;16.07.2028;;20866
11879;12.07.2028;08.08.2028;117;30.07.2028;;20893
7954;17.07.2028;09.08.2028;440;07.08.2028;;20957
11740;17.07.2028;04.09.2028;71;22.08.2028;;20960
8299;20.07.2028;07.08.2028;293;05.08.2028;;21016
8805;25.07.2028;03.08.2028;112;30.07.2028;;21062
5338;25.07.2028;24.08.2028;287;19.08.2028;;21075
4610;25.07.2028;05.08.2028;393;29.07.2028;;21080
2423;27.07.2028;13.08.2028;356;15.08.2028;už nevím, co jsem si chtìl poznamenat;21109
1753;27.07.2028;19.08.2028;460;11.08.2028;;21112
9183;30.07.2028;15.08.2028;491;14.08.2028;;21159
2671;01.08.2028;24.08.2028;142;18.08.2028;už nevím, co jsem si chtìl poznamenat;21189
1889;02.08.2028;12.08.2028;460;13.08.2028;;21194
11338;03.08.2028;02.09.2028;32;18.08.2028;;21206
10784;07.08.2028;18.09.2028;209;25.08.2028;studijní materiál;21286
3122;08.08.2028;17.09.2028;246;09.09.2028;;21305
1943;10.08.2028;26.08.2028;6;18.08.2028;;21343
8401;14.08.2028;20.08.2028;181;22.08.2028;;21399
427;14.08.2028;05.09.2028;99;29.08.2028;;21408
6362;15.08.2028;28.08.2028;21;01.09.2028;;21438
5431;16.08.2028;20.08.2028;557;20.08.2028;;21441
10615;17.08.2028;19.08.2028;113;20.08.2028;;21448
10658;18.08.2028;09.09.2028;440;08.09.2028;Pokud ji nevrátí v termínu, nedostane zápoèet.;21488
10298;19.08.2028;09.09.2028;382;01.09.2028;k projektu;21492
6665;23.08.2028;04.09.2028;287;03.09.2028;;21577
11028;26.08.2028;10.09.2028;201;10.09.2028;;21640
2672;26.08.2028;29.08.2028;320;31.08.2028;do výuky;21654
8087;30.08.2028;18.09.2028;337;11.09.2028;;21697
6382;31.08.2028;06.09.2028;565;05.09.2028;;21719
3819;01.09.2028;03.09.2028;559;03.09.2028;;21731
11169;04.09.2028;10.10.2028;33;27.09.2028;do výuky;21786
4648;06.09.2028;16.09.2028;383;17.09.2028;;21835
6538;07.09.2028;22.09.2028;274;16.09.2028;;21843
2210;07.09.2028;22.09.2028;354;15.09.2028;;21850
2409;07.09.2028;22.09.2028;116;18.09.2028;;21856
1970;07.09.2028;28.09.2028;231;21.09.2028;;21864
974;07.09.2028;09.10.2028;303;23.09.2028;;21867
1443;07.09.2028;27.09.2028;48;25.09.2028;;21875
10995;14.09.2028;18.09.2028;89;19.09.2028;pohlídat si vèasné vrácení;21939
2380;16.09.2028;26.10.2028;36;25.10.2028;pro projekt EU;21991
10531;19.09.2028;20.10.2028;367;03.10.2028;;22024
11093;20.09.2028;05.10.2028;517;01.10.2028;Ruèí za ni vlastní hlavou.;22036
11750;24.09.2028;12.10.2028;125;08.10.2028;;22133
2758;28.09.2028;17.10.2028;14;18.10.2028;;22187
9368;30.09.2028;06.11.2028;311;28.10.2028;;22247
4736;01.10.2028;10.10.2028;542;09.10.2028;;22282
11139;03.10.2028;07.11.2028;292;25.10.2028;;22312
669;04.10.2028;17.10.2028;408;11.10.2028;;22320
4748;04.10.2028;22.10.2028;332;17.10.2028;;22321
6460;05.10.2028;01.11.2028;139;19.10.2028;;22359
11938;05.10.2028;07.10.2028;281;09.10.2028;;22361
11731;06.10.2028;23.10.2028;478;19.10.2028;;22378
6572;07.10.2028;27.11.2028;134;17.11.2028;;22394
6528;08.10.2028;17.10.2028;515;18.10.2028;už nevím, co jsem si chtìl poznamenat;22415
9780;11.10.2028;21.10.2028;238;21.10.2028;k diplomce;22477
8861;12.10.2028;25.10.2028;93;21.10.2028;;22504
3041;13.10.2028;08.11.2028;14;03.11.2028;;22515
1841;14.10.2028;02.11.2028;259;01.11.2028;;22532
1828;15.10.2028;24.10.2028;202;23.10.2028;;22543
7535;18.10.2028;06.11.2028;201;28.10.2028;;22576
3873;19.10.2028;12.11.2028;377;28.10.2028;pro projekt EU;22591
10155;25.10.2028;18.11.2028;557;14.11.2028;Urèeno pro seminární práci.;22688
1192;05.11.2028;29.11.2028;550;01.12.2028;;22788
5907;05.11.2028;29.11.2028;545;18.11.2028;;22794
7969;06.11.2028;28.11.2028;65;21.11.2028;;22804
1302;13.11.2028;30.11.2028;207;28.11.2028;;22907
8805;15.11.2028;23.12.2028;107;13.12.2028;;22956
10430;18.11.2028;29.11.2028;311;01.12.2028;;23012
3257;19.11.2028;12.12.2028;458;10.12.2028;;23019
9345;19.11.2028;28.12.2028;575;22.12.2028;;23034
11140;20.11.2028;13.12.2028;248;14.12.2028;;23055
7649;21.11.2028;08.01.2029;86;21.12.2028;;23080
1559;22.11.2028;16.12.2028;541;16.12.2028;;23109
2962;25.11.2028;04.12.2028;143;05.12.2028;;23146
8981;26.11.2028;08.12.2028;9;08.12.2028;;23170
10784;27.11.2028;10.01.2029;210;25.12.2028;Pro disertaci;23188
11543;29.11.2028;08.12.2028;197;08.12.2028;;23215
8355;29.11.2028;28.12.2028;361;27.12.2028;Urèeno pro seminární práci.;23219
8608;30.11.2028;05.01.2029;16;27.12.2028;;23243
5692;02.12.2028;19.12.2028;116;09.12.2028;pro projekt EU;23291
2109;03.12.2028;23.12.2028;313;18.12.2028;;23316
2349;05.12.2028;23.12.2028;280;16.12.2028;;23337
4176;08.12.2028;28.12.2028;276;03.01.2029;;23370
10014;10.12.2028;26.12.2028;531;22.12.2028;;23404
10219;12.12.2028;08.01.2029;426;05.01.2029;;23443
2694;12.12.2028;14.01.2029;197;05.01.2029;;23454
4030;13.12.2028;25.12.2028;336;21.12.2028;;23483
6663;14.12.2028;10.01.2029;160;05.01.2029;;23491
912;16.12.2028;13.01.2029;374;13.01.2029;;23512
9994;16.12.2028;11.01.2029;303;28.12.2028;;23518
8586;18.12.2028;28.12.2028;210;27.12.2028;;23549
3378;18.12.2028;12.01.2029;110;27.12.2028;;23551
4949;19.12.2028;22.01.2029;421;13.01.2029;;23579
477;26.12.2028;08.01.2029;411;01.01.2029;;23701
4736;28.12.2028;10.01.2029;408;10.01.2029;;23776
11545;28.12.2028;28.01.2029;450;22.01.2029;;23782
5217;01.01.2029;14.02.2029;104;20.01.2029;pro projekt EU;23802
9537;02.01.2029;04.01.2029;11;06.01.2029;;23805
8608;05.01.2029;29.01.2029;93;22.01.2029;;23866
8528;06.01.2029;12.02.2029;275;30.01.2029;;23878
4989;08.01.2029;05.02.2029;156;02.02.2029;;23908
7585;09.01.2029;29.01.2029;94;26.01.2029;Ruèí za ni vlastní hlavou.;23931
2364;12.01.2029;15.02.2029;87;29.01.2029;k vìdeckému èlánku;23959
6208;13.01.2029;29.01.2029;311;24.01.2029;Pro BP;23966
7508;13.01.2029;03.02.2029;457;29.01.2029;;23980
1837;14.01.2029;02.02.2029;148;23.01.2029;;24012
8832;15.01.2029;27.02.2029;165;09.02.2029;;24017
8132;18.01.2029;28.01.2029;265;24.01.2029;Pro BP;24060
2707;19.01.2029;22.01.2029;411;21.01.2029;;24086
5037;21.01.2029;20.02.2029;283;14.02.2029;;24136
2694;24.01.2029;25.02.2029;403;14.02.2029;;24195
6082;26.01.2029;04.03.2029;491;17.02.2029;;24214
7890;26.01.2029;01.02.2029;307;31.01.2029;;24219
2091;27.01.2029;05.02.2029;209;05.02.2029;;24233
8256;29.01.2029;27.02.2029;369;18.02.2029;;24273
8837;29.01.2029;16.02.2029;89;09.02.2029;Pro disertaci;24283
8326;30.01.2029;25.02.2029;188;25.02.2029;Pro výzkumné úèely.;24303
1106;01.02.2029;19.02.2029;494;14.02.2029;Pro výzkumné úèely.;24323
5074;04.02.2029;07.03.2029;463;19.02.2029;;24398
9072;05.02.2029;28.02.2029;180;14.02.2029;;24406
10728;07.02.2029;10.02.2029;392;10.02.2029;;24449
4867;11.02.2029;14.02.2029;324;15.02.2029;;24545
4833;11.02.2029;28.02.2029;33;26.02.2029;;24554
2190;11.02.2029;20.02.2029;78;22.02.2029;;24560
627;11.02.2029;15.02.2029;556;15.02.2029;Ruèí za ni vlastní hlavou.;24564
56;12.02.2029;04.03.2029;460;26.02.2029;;24579
1193;14.02.2029;26.02.2029;364;19.02.2029;;24619
11441;19.02.2029;11.03.2029;320;02.03.2029;Zapùjèeno pro bakaláøskou práci;24702
6030;19.02.2029;06.03.2029;33;05.03.2029;;24704
269;21.02.2029;24.03.2029;191;10.03.2029;;24746
5929;25.02.2029;07.03.2029;563;01.03.2029;Pro výzkumné úèely.;24788
1061;26.02.2029;11.03.2029;96;07.03.2029;;24802
11181;28.02.2029;10.03.2029;115;09.03.2029;Pro výzkumné úèely.;24830
1063;01.03.2029;17.04.2029;282;04.04.2029;;24846
10991;02.03.2029;16.03.2029;9;12.03.2029;;24857
10685;04.03.2029;06.03.2029;530;07.03.2029;;24891
9980;06.03.2029;23.03.2029;426;24.03.2029;;24920
6538;06.03.2029;16.04.2029;563;16.04.2029;;24921
9494;06.03.2029;01.04.2029;406;23.03.2029;;24925
5285;09.03.2029;18.03.2029;468;15.03.2029;;24964
5929;11.03.2029;14.04.2029;452;30.03.2029;;24991
4739;14.03.2029;30.03.2029;189;31.03.2029;;25011
270;18.03.2029;21.03.2029;21;21.03.2029;;25056
11834;18.03.2029;28.03.2029;239;27.03.2029;;25063
3076;20.03.2029;30.04.2029;282;21.04.2029;;25117
4190;21.03.2029;02.04.2029;336;30.03.2029;;25128
6109;21.03.2029;13.04.2029;121;13.04.2029;;25132
9162;21.03.2029;28.03.2029;82;28.03.2029;Urèeno pro seminární práci.;25143
803;25.03.2029;14.04.2029;118;08.04.2029;;25236
826;27.03.2029;15.04.2029;369;02.04.2029;;25297
4911;27.03.2029;21.04.2029;557;14.04.2029;;25299
5784;02.04.2029;10.04.2029;24;08.04.2029;Ruèí za ni vlastní hlavou.;25372
348;03.04.2029;09.04.2029;489;08.04.2029;;25380
427;06.04.2029;08.05.2029;164;01.05.2029;studijní materiál;25424
7628;08.04.2029;10.04.2029;472;11.04.2029;do výuky;25470
10350;09.04.2029;22.04.2029;436;19.04.2029;;25487
7254;09.04.2029;02.05.2029;514;22.04.2029;;25498
7762;11.04.2029;29.04.2029;374;29.04.2029;Ruèí za ni vlastní hlavou.;25518
8342;11.04.2029;19.04.2029;550;17.04.2029;;25532
5073;13.04.2029;18.04.2029;336;19.04.2029;;25573
5180;17.04.2029;26.04.2029;412;27.04.2029;;25635
528;19.04.2029;30.04.2029;36;29.04.2029;;25653
2631;21.04.2029;06.05.2029;287;30.04.2029;Ruèí za ni vlastní hlavou.;25695
3322;22.04.2029;25.04.2029;550;26.04.2029;Pokud ji nevrátí v termínu, nedostane zápoèet.;25710
7628;23.04.2029;03.05.2029;21;30.04.2029;;25724
6929;24.04.2029;05.05.2029;364;01.05.2029;;25730
3664;06.05.2029;29.05.2029;374;25.05.2029;;25887
8822;08.05.2029;11.06.2029;288;27.05.2029;;25913
887;09.05.2029;27.05.2029;486;27.05.2029;;25937
1358;10.05.2029;15.05.2029;330;16.05.2029;;25950
167;12.05.2029;01.06.2029;393;28.05.2029;pohlídat si vèasné vrácení;26005
8711;13.05.2029;09.06.2029;134;05.06.2029;k habilitaci;26028
4307;18.05.2029;09.06.2029;52;01.06.2029;;26110
10290;19.05.2029;03.07.2029;6;26.06.2029;;26124
4534;19.05.2029;10.06.2029;486;30.05.2029;;26129
10027;20.05.2029;25.06.2029;411;08.06.2029;;26147
2916;23.05.2029;09.06.2029;557;05.06.2029;;26178
9556;23.05.2029;22.06.2029;29;18.06.2029;Pro výzkumné úèely.;26180
3020;24.05.2029;28.06.2029;284;18.06.2029;;26199
8729;26.05.2029;20.06.2029;356;10.06.2029;;26225
4112;26.05.2029;13.06.2029;406;02.06.2029;;26226
3745;30.05.2029;20.06.2029;139;14.06.2029;Zapùjèeno pro bakaláøskou práci;26307
9251;30.05.2029;03.07.2029;21;29.06.2029;Nepsát e-mail, rovnou volat.;26314
4953;30.05.2029;18.06.2029;246;18.06.2029;;26330
2845;02.06.2029;15.06.2029;283;16.06.2029;Pokud ji nevrátí v termínu, nedostane zápoèet.;26359
2304;05.06.2029;07.07.2029;411;27.06.2029;;26375
11194;06.06.2029;29.06.2029;473;22.06.2029;;26411
4019;07.06.2029;01.07.2029;5;26.06.2029;;26428
2979;09.06.2029;25.07.2029;311;08.07.2029;;26483
10239;12.06.2029;17.06.2029;87;19.06.2029;;26547
10543;13.06.2029;25.06.2029;531;19.06.2029;;26572
11938;13.06.2029;25.06.2029;50;25.06.2029;k habilitaci;26574
3798;14.06.2029;29.07.2029;489;14.07.2029;;26582
6871;14.06.2029;27.06.2029;278;25.06.2029;;26592
9805;18.06.2029;21.06.2029;383;22.06.2029;;26620
3593;19.06.2029;04.07.2029;169;30.06.2029;pro projekt EU;26635
7708;19.06.2029;02.08.2029;355;19.07.2029;K diplomové práci;26637
4609;20.06.2029;16.07.2029;166;09.07.2029;k projektu;26658
8488;26.06.2029;17.07.2029;412;14.07.2029;;26729
4968;26.06.2029;11.08.2029;248;18.07.2029;;26737
348;30.06.2029;15.07.2029;24;16.07.2029;;26806
8662;01.07.2029;04.08.2029;386;27.07.2029;;26855
11682;06.07.2029;05.08.2029;231;30.07.2029;studijní materiál;26898
8837;06.07.2029;15.07.2029;573;14.07.2029;;26910
3481;07.07.2029;08.08.2029;496;24.07.2029;;26917
8369;07.07.2029;16.07.2029;495;14.07.2029;Pokud ji nevrátí v termínu, nedostane zápoèet.;26926
56;07.07.2029;12.07.2029;446;10.07.2029;;26930
11009;07.07.2029;21.08.2029;81;17.08.2029;;26937
7794;09.07.2029;21.07.2029;289;15.07.2029;Pokud ji nevrátí v termínu, nedostane zápoèet.;26983
10477;10.07.2029;18.07.2029;460;18.07.2029;Zapùjèeno pro bakaláøskou práci;27014
1192;11.07.2029;25.07.2029;177;23.07.2029;K diplomové práci;27017
4718;12.07.2029;01.08.2029;364;24.07.2029;;27046
4112;14.07.2029;06.08.2029;510;01.08.2029;;27056
7103;16.07.2029;01.09.2029;439;18.08.2029;;27118
2494;17.07.2029;10.08.2029;490;04.08.2029;Nepsát e-mail, rovnou volat.;27139
259;26.07.2029;29.08.2029;423;18.08.2029;už nevím, co jsem si chtìl poznamenat;27257
6224;26.07.2029;14.08.2029;276;09.08.2029;;27264
6698;26.07.2029;12.09.2029;164;29.08.2029;;27271
1092;26.07.2029;22.08.2029;104;06.08.2029;Zapùjèeno pro bakaláøskou práci;27272
274;27.07.2029;01.08.2029;378;01.08.2029;;27283
1273;27.07.2029;16.08.2029;307;15.08.2029;;27293
5350;29.07.2029;12.08.2029;519;11.08.2029;;27328
7190;30.07.2029;04.09.2029;265;17.08.2029;;27361
6034;01.08.2029;17.08.2029;426;13.08.2029;;27366
974;05.08.2029;16.08.2029;21;15.08.2029;Pro disertaci;27397
5920;11.08.2029;09.09.2029;100;01.09.2029;;27508
5285;13.08.2029;26.08.2029;352;25.08.2029;;27516
9493;13.08.2029;06.09.2029;520;01.09.2029;;27533
7249;14.08.2029;26.09.2029;96;11.09.2029;;27543
86;15.08.2029;18.09.2029;86;04.09.2029;;27563
422;17.08.2029;06.09.2029;412;25.08.2029;;27597
10290;17.08.2029;08.09.2029;556;31.08.2029;už nevím, co jsem si chtìl poznamenat;27619
7831;19.08.2029;25.09.2029;39;09.09.2029;;27646
4221;20.08.2029;14.09.2029;134;07.09.2029;;27657
6362;23.08.2029;01.09.2029;414;29.08.2029;;27718
11607;24.08.2029;15.09.2029;34;03.09.2029;K diplomové práci;27729
1721;24.08.2029;17.09.2029;355;06.09.2029;;27733
6111;26.08.2029;04.10.2029;332;14.09.2029;;27758
3680;30.08.2029;09.09.2029;361;12.09.2029;k vìdeckému èlánku;27822
11451;30.08.2029;08.10.2029;503;21.09.2029;;27826
11206;01.09.2029;12.10.2029;392;30.09.2029;;27845
575;02.09.2029;04.09.2029;436;05.09.2029;;27859
6135;02.09.2029;12.09.2029;207;11.09.2029;;27865
3732;07.09.2029;30.09.2029;565;30.09.2029;Zapùjèeno pro bakaláøskou práci;27950
3672;10.09.2029;16.10.2029;278;03.10.2029;;27967
4451;10.09.2029;19.09.2029;280;20.09.2029;Nepsát e-mail, rovnou volat.;27978
7888;12.09.2029;18.09.2029;138;17.09.2029;k habilitaci;28009
7831;15.09.2029;08.10.2029;484;27.09.2029;;28055
9593;15.09.2029;18.09.2029;91;18.09.2029;;28060
9814;15.09.2029;22.09.2029;248;22.09.2029;Nepsát e-mail, rovnou volat.;28062
9087;16.09.2029;27.09.2029;154;23.09.2029;;28085
5692;17.09.2029;03.10.2029;86;25.09.2029;;28110
3992;21.09.2029;25.09.2029;473;27.09.2029;;28168
8935;24.09.2029;03.10.2029;47;02.10.2029;;28222
11034;24.09.2029;15.10.2029;368;04.10.2029;;28229
2536;25.09.2029;04.10.2029;115;03.10.2029;;28242
9869;25.09.2029;12.10.2029;421;30.09.2029;;28243
735;27.09.2029;01.11.2029;461;20.10.2029;;28276
11165;27.09.2029;22.10.2029;442;15.10.2029;;28277
2751;27.09.2029;06.11.2029;205;19.10.2029;;28283
7190;28.09.2029;20.10.2029;461;19.10.2029;pro projekt EU;28300
1524;28.09.2029;28.10.2029;460;16.10.2029;;28305
6862;28.09.2029;05.11.2029;391;28.10.2029;Zapùjèeno pro bakaláøskou práci;28312
5480;03.10.2029;09.10.2029;72;09.10.2029;;28424
10239;03.10.2029;04.11.2029;392;26.10.2029;Pro výzkumné úèely.;28426
6325;04.10.2029;17.11.2029;382;01.11.2029;;28474
3295;06.10.2029;19.10.2029;247;15.10.2029;;28491
1431;06.10.2029;01.11.2029;411;21.10.2029;;28500
5453;06.10.2029;19.10.2029;542;15.10.2029;k projektu;28508
11048;07.10.2029;28.10.2029;96;21.10.2029;;28534
8231;10.10.2029;14.11.2029;513;28.10.2029;;28565
7266;11.10.2029;06.11.2029;206;26.10.2029;k projektu;28575
9858;11.10.2029;20.11.2029;423;13.11.2029;;28582
9898;11.10.2029;06.11.2029;275;20.10.2029;;28588
6030;12.10.2029;22.10.2029;458;24.10.2029;;28610
9976;13.10.2029;25.10.2029;510;22.10.2029;;28640
1998;21.10.2029;30.11.2029;551;22.11.2029;;28795
4721;21.10.2029;08.11.2029;50;05.11.2029;;28802
1836;21.10.2029;16.11.2029;277;13.11.2029;;28806
2190;25.10.2029;16.11.2029;355;07.11.2029;;28866
7395;26.10.2029;01.12.2029;517;22.11.2029;;28883
11283;02.11.2029;17.11.2029;280;15.11.2029;;28959
10464;04.11.2029;09.11.2029;295;11.11.2029;;28994
6237;04.11.2029;10.11.2029;556;12.11.2029;;29000
4513;06.11.2029;30.11.2029;255;30.11.2029;Urèeno pro seminární práci.;29058
1462;14.11.2029;20.11.2029;134;22.11.2029;;29124
3041;17.11.2029;12.12.2029;415;05.12.2029;Pro disertaci;29168
10895;18.11.2029;28.12.2029;46;14.12.2029;Pro BP;29192
9618;20.11.2029;04.12.2029;275;04.12.2029;;29237
3873;23.11.2029;28.11.2029;510;28.11.2029;Zapùjèeno pro bakaláøskou práci;29257
2916;30.11.2029;04.12.2029;505;06.12.2029;;29364
1806;30.11.2029;03.01.2030;503;22.12.2029;;29379
8527;02.12.2029;24.12.2029;394;17.12.2029;;29414
6325;05.12.2029;23.12.2029;442;14.12.2029;pohlídat si vèasné vrácení;29430
4917;05.12.2029;16.12.2029;415;13.12.2029;;29431
3622;05.12.2029;11.12.2029;460;11.12.2029;;29443
10971;07.12.2029;13.01.2030;227;04.01.2030;;29471
5075;07.12.2029;28.12.2029;434;23.12.2029;;29485
2637;07.12.2029;23.12.2029;501;18.12.2029;;29489
613;10.12.2029;06.01.2030;246;03.01.2030;;29539
687;14.12.2029;27.12.2029;295;22.12.2029;;29613
5907;15.12.2029;28.12.2029;206;25.12.2029;Urèeno pro seminární práci.;29631
1812;20.12.2029;20.01.2030;243;14.01.2030;;29719
9994;24.12.2029;28.12.2029;307;27.12.2029;;29758
7609;25.12.2029;06.01.2030;549;03.01.2030;;29804
898;26.12.2029;28.12.2029;154;28.12.2029;;29820
1513;28.12.2029;07.02.2030;415;26.01.2030;;29859
154;28.12.2029;30.01.2030;445;22.01.2030;;29887
5561;28.12.2029;02.01.2030;32;03.01.2030;;29888
3389;28.12.2029;28.01.2030;89;17.01.2030;;29902
1327;03.01.2030;15.01.2030;50;13.01.2030;;29943
6460;03.01.2030;04.02.2030;399;27.01.2030;;29946
2262;05.01.2030;25.01.2030;181;23.01.2030;k diplomce;29980
5285;09.01.2030;18.01.2030;468;15.01.2030;;30071
11487;11.01.2030;22.01.2030;447;23.01.2030;Nepsát e-mail, rovnou volat.;30087
7628;13.01.2030;24.02.2030;412;20.02.2030;Nepsát e-mail, rovnou volat.;30127
3425;13.01.2030;12.02.2030;317;30.01.2030;;30153
8344;20.01.2030;01.02.2030;72;30.01.2030;Ruèí za ni vlastní hlavou.;30265
5532;20.01.2030;10.02.2030;94;05.02.2030;;30268
2300;21.01.2030;01.02.2030;282;02.02.2030;;30283
5965;24.01.2030;01.02.2030;323;02.02.2030;;30348
3500;24.01.2030;17.02.2030;503;03.02.2030;studijní materiál;30356
1810;24.01.2030;05.02.2030;335;04.02.2030;;30363
9689;24.01.2030;09.02.2030;88;06.02.2030;k vìdeckému èlánku;30365
11407;30.01.2030;02.03.2030;565;21.02.2030;Pokud ji nevrátí v termínu, nedostane zápoèet.;30451
6198;31.01.2030;02.02.2030;440;02.02.2030;;30459
708;01.02.2030;17.02.2030;383;09.02.2030;;30478
1684;05.02.2030;28.02.2030;440;24.02.2030;;30518
1061;06.02.2030;28.02.2030;468;24.02.2030;;30538
10256;10.02.2030;22.02.2030;321;20.02.2030;;30599
3668;10.02.2030;17.02.2030;245;14.02.2030;;30606
410;13.02.2030;29.03.2030;364;;;30663
4076;15.02.2030;15.03.2030;1;;;30689
8488;18.02.2030;15.03.2030;50;;;30734
2457;19.02.2030;01.03.2030;32;;Pro BP;30736
9814;24.02.2030;19.03.2030;93;;;30821
11534;24.02.2030;08.03.2030;143;;;30823
7105;25.02.2030;01.03.2030;142;;Zapùjèeno pro bakaláøskou práci;30840
4466;28.02.2030;06.04.2030;549;;;30877
