id_osoby,login,jmeno,prijmeni,heslo,email
1,cernym0,Martin,Černý,679ea39e4d0980a5bf670eae556a2253,cernym0@telekom.ad12.cz
2,markoj0,Jana,Marková,2466814549860d545146fc285e9b71f8,""
5,nemcol0,Libuše,Němcová,b49f73766569403c7a562ece6613169b,nemcol0@uit.ad12.cz
6,cernym2,Milan,Černý,59dd415789c0f5b9f2a82083dfc118cf,cernym2@infrast.ad12.cz
9,bartov0,Věra,Bartošová,cb16629022be7dd3289dc960465adfbc,bartov0@sez.ad12.cz
11,pokorj0,Jan,Pokorný,3cb53ca187240fe5965a7181cc3c04df,pokorj0@telekom.ad12.cz
14,vesela0,Antonín,Veselý,e37405b0d1a4a187e055d1b6836814a4,""
16,blazki0,Ivana,Blažková,d1dbb3c6f4b4fcb3cfeecfeab6649866,""
19,prochm0,Miroslav,Procházka,0e1e0b1321c31d10ce6cf8bb01929170,prochm0@infrast.ad12.cz
21,svoboe0,Eva,Svobodová,bd454ceb07bd2174f910c91a72b37b87,svoboe0@uit.ad12.cz
24,cernyj2,Jan,Černý,4aa63e8bef00b5f2ad47953fdbdece1b,cernyj2@infrast.ad12.cz
27,ruzich0,Hana,Růžičková,bd0d515bb2ab79881e91e80cb34e8e8d,ruzich0@infrast.ad12.cz
28,prochv0,Věra,Procházková,1e825640bd056f848e09c13e8b1388e2,""
29,horakj0,Jiří,Horák,2533f72b26aa8ab29ac316b6be95028e,horakj0@uit.ad12.cz
32,svobob0,Barbora,Svobodová,604192a610090f1006c99defbe3e8c91,svobob0@sez.ad12.cz
33,veselj0,Josef,Veselý,aebe8503f077ef3811f7c59fb8bc7bfa,veselj0@telekom.ad12.cz
34,pospij0,Jiří,Pospíšil,f7ed575f1b79b8af076462178653f1bf,pospij0@uit.ad12.cz
36,cermap0,Petr,Čermák,9d42e8b0da1826b18a0f3bdd450670a6,cermap0@telekom.ad12.cz
39,svoboh0,Hana,Svobodová,c11d1b01a8c2f50fca049b52b4b0f96d,svoboh0@telekom.ad12.cz
43,novakp1,Pavlína,Nováková,6159015bb828b3956e0a4f0a47c8ad98,novakp1@sez.ad12.cz
44,novotl0,Ladislav,Novotný,3e9add85cea46ca696de84055bbc0b07,novotl0@telekom.ad12.cz
46,prochm1,Marie,Procházková,bb6776c389416c76d0b14576a442c72e,prochm1@uit.ad12.cz
47,jelinj0,Jana,Jelínková,bc4b19d6145da0e713fd81c6ebb3f13c,jelinj0@infrast.ad12.cz
48,fialol0,Lucie,Fialová,767d2fc03f18f15d9217c5ecb2ee890e,""
50,cernah1,Hana,Černá,8de6ddf4f89dae63f62f893027b2f70e,cernah1@sez.ad12.cz
52,navram0,Marie,Navrátilová,10840f7825d9a8b79445e6daa971dfca,""
65,svobom0,Marie,Svobodová,f5637f955de4243b7c28a0e8e7782ae8,svobom0@telekom.ad12.cz
66,pospiz0,Zuzana,Pospíšilová,9e2425bcf4f5e44ebbfe63e03d35df49,""
67,fialom0,Marie,Fialová,ee0d9f6b1610e7eb061bef6696b588a6,""
69,horakj1,Jaroslav,Horák,8cdd833841cb344f66e0a1eec5fe9cfb,horakj1@telekom.ad12.cz
71,cernyj3,Jiří,Černý,eed3fbada9804cd98ba624e35b271eeb,cernyj3@uit.ad12.cz
72,nemecj0,Jan,Němec,5788b6495e133079a2c4d8b9dd7ce8e7,nemecj0@infrast.ad12.cz
74,kratog0,Gabriela,Kratochvílová,884b053357fe5d8a7f29d51a9aed2482,""
78,prochj0,Jana,Procházková,e6c70bd268cae399bf8936522c2c473f,prochj0@uit.ad12.cz
81,kovari0,Irena,Kovářová,1db5cd25fd000fb788c46bd56b07832b,kovari0@merici.ad12.cz
82,svobok0,Kateřina,Svobodová,973e8552504ebee6c3ec4502f0a5fbeb,svobok0@uit.ad12.cz
86,novakm0,Miroslav,Novák,78bdad4f2f9c219711982470ed432df7,novakm0@telekom.ad12.cz
87,novakm1,Milan,Novák,37795238820d4f7b1ff29759e728e944,novakm1@infrast.ad12.cz
88,pospim0,Miroslav,Pospíšil,8ec12e7ced3bc5db750b55215d865d04,""
89,novotm1,Markéta,Novotná,b95bdc4d4f1ca3e1cf55528900f84c10,novotm1@infrast.ad12.cz
91,zemanf0,František,Zeman,a04a62c6577c53ed6ec717b845284152,zemanf0@infrast.ad12.cz
93,nemecj1,Josef,Němec,28cd169feaad1efa1145acd281e2edae,nemecj1@uit.ad12.cz
94,prochk0,Kateřina,Procházková,585b312b1496ad718f5e750ff776428a,prochk0@infrast.ad12.cz
96,markol0,Lenka,Marková,46bdba42fe6d972652107431b4646565,markol0@infrast.ad12.cz
98,kralv0,Václav,Král,86b3328f2bb733a35018116ae423cb9a,kralv0@uit.ad12.cz
99,hajekv0,Vladimír,Hájek,83719c6c8444e9c12db51e63fe541c23,hajekv0@sez.ad12.cz
100,kucerj0,Josef,Kučera,5ba72dd2dd867843320dfc3fc6dad6b1,kucerj0@infrast.ad12.cz
104,proche0,Eva,Procházková,29a7325a5d7157a54f0fcccc76211fda,""
105,krizj0,Jaroslav,Kříž,c8ee76f604c47321b00c901c5afc1b5f,krizj0@infrast.ad12.cz
107,pospim1,Michal,Pospíšil,ef6a988d0ab9771734f1edaf7477f25a,pospim1@infrast.ad12.cz
110,markoi0,Iveta,Marková,8bd3b1dade5c92ea4ef945ded408b096,markoi0@telekom.ad12.cz
112,cernyp0,Petr,Černý,ee6c89c4fbc87ab480ea55e8ec61ec9f,cernyp0@logsys.ad12.cz
113,fialod0,Dagmar,Fialová,4c81b1447ed868ddac2500e06d7ea92b,fialod0@infrast.ad12.cz
115,urbanj2,Jaroslav,Urban,3eb102f45ea6da2be4ba1e90e415dc15,""
116,veselp1,Pavlína,Veselá,c25b7826b3049a22a35f92b70208f133,veselp1@sez.ad12.cz
117,svobom1,Miroslav,Svoboda,3d7598bef4aa5bb347396a244c11c59d,svobom1@sez.ad12.cz
118,kolarm0,Markéta,Kolářová,70759eaea597cee2bba198c89547e6b6,kolarm0@merici.ad12.cz
119,ruzicm0,Martin,Růžička,fc69fae22961029c8c79f56ab9970896,ruzicm0@uit.ad12.cz
121,ruzicd0,Dana,Růžičková,3d3f7c6549a6c51cacd581372f22b5d0,ruzicd0@telekom.ad12.cz
125,dolezj0,Jaroslava,Doležalová,839f609ef2bf4f4fe4dccaf1dfdcfe0d,dolezj0@logsys.ad12.cz
129,dvorai0,Iveta,Dvořáková,e503b8b77a447164b5b96a5e2f56f4e3,dvorai0@sez.ad12.cz
130,novaks0,Stanislav,Novák,10c0b49534db09f08a9aca5fbbef2e05,""
131,svobom2,Michal,Svoboda,2cc540d3914a39b713b02bd09e25a095,svobom2@sez.ad12.cz
134,veselj1,Jarmila,Veselá,98c51ed3973f5a653e125395f7287c7d,veselj1@infrast.ad12.cz
136,kovarm1,Miroslav,Kovář,c03ca8762fa3d63bd010b7cfb908d3e5,kovarm1@uit.ad12.cz
138,vaňkob0,Božena,Vaňková,95f0c71de283441e936c6582c7a0ff29,""
139,benesp0,Pavel,Beneš,d7edc0b3fc44f858a36838858f14472d,benesp0@telekom.ad12.cz
142,sedlav0,Václav,Sedláček,2e255b26ae137a58e7afd07b907d70cf,sedlav0@uit.ad12.cz
143,pospil0,Lucie,Pospíšilová,a6d52eb47e9c9647d085f741de67a652,pospil0@merici.ad12.cz
144,dvorav0,Vlasta,Dvořáková,9e28e3b2e9a5660f93faef976a10559d,dvorav0@telekom.ad12.cz
145,hajkol0,Ludmila,Hájková,8f9705d189d86c9689450c1b92d90ede,hajkol0@infrast.ad12.cz
146,pospiz1,Zdeněk,Pospíšil,764ff48d88a7bb84bfdcadea45fea061,pospiz1@telekom.ad12.cz
148,sedlaf0,František,Sedláček,ee3d0c4cc583b58b4dd5004be9418406,sedlaf0@telekom.ad12.cz
152,pokorp0,Pavel,Pokorný,2ae0202c06002b7b7bb0279212be7494,pokorp0@logsys.ad12.cz
154,novakz1,Zdeněk,Novák,0ff60ad7884691bd44775c23a21cf635,novakz1@sez.ad12.cz
156,benesm1,Martin,Beneš,3cc017a0f630c65c6cca56034d8ed0be,""
157,svobov0,Věra,Svobodová,5232e7ced1409a15567cf4d49715bef0,""
159,ruzicl0,Lenka,Růžičková,6f105f3292057f75c9a748bfe8613d8b,""
160,kovarl0,Ludmila,Kovářová,aee8f2dd27f1fc4c9149290c689a5701,kovarl0@uit.ad12.cz
164,zemanp0,Petr,Zeman,5c48d02ff85f8bb030a248e522c3948a,zemanp0@infrast.ad12.cz
165,fialar0,Roman,Fiala,8ee4bb4824016e45e350e5d816c6335c,fialar0@sez.ad12.cz
166,dvoram1,Marie,Dvořáková,03c276b0365b1651e39b0c745f55552d,dvoram1@sez.ad12.cz
169,jelinm0,Milan,Jelínek,4464b36b7c5a99340ae3a38de0d0ef13,jelinm0@uit.ad12.cz
170,markoe0,Eva,Marková,6d2fe0e47a100b5c9ae28da0eb31ee75,markoe0@logsys.ad12.cz
177,dvoraj0,Jana,Dvořáková,f254a96631f8cd62b44b6f8c39df3b92,""
180,svoboj2,Jiří,Svoboda,67515aca0b644eb68d3e23c24dfbffac,svoboj2@sez.ad12.cz
181,svobov1,Věra,Svobodová,eae9c69b98daffdad7535cf95a3ae09c,svobov1@uit.ad12.cz
182,horakz0,Zdeněk,Horák,a8a0e0b0e724eb959d41fa92259aa178,horakz0@merici.ad12.cz
183,dvoraj1,Jiří,Dvořák,b3f8dc0505f8ddbec59f9ba019211246,""
184,prochj2,Jana,Procházková,31b0c9f33855500f4b25b871debf3a0f,prochj2@telekom.ad12.cz
188,fialom1,Michaela,Fialová,24601d94bc356d6a0b6c0e97025fd1c7,fialom1@uit.ad12.cz
189,veselj2,Jan,Veselý,327e786e238ceeb8fdda7a962faaedf9,veselj2@uit.ad12.cz
191,novoti0,Ivana,Novotná,8d2ce209043591748b87b0075c38fbfa,novoti0@sez.ad12.cz
195,novota0,Andrea,Novotná,01c3d97603b7abd90bb52ff378d3fb8d,""
197,jelinr0,Roman,Jelínek,0e2011521cbf4850dfcd2a30e84a3ee7,jelinr0@sez.ad12.cz
201,novakj2,Jan,Novák,8bf3e02f5a40ade7fa098ed024063ff8,novakj2@infrast.ad12.cz
202,kralj1,Jiří,Král,1105c2dbf15beccd63d350e9d26719a3,kralj1@uit.ad12.cz
204,horakj3,Jan,Horák,a742fc52901f7b9e1644557646a3f315,horakj3@sez.ad12.cz
205,benesm2,Marcela,Benešová,18711773ab3f1826cda1ae3ec65ac63b,benesm2@infrast.ad12.cz
206,bartoj1,Jiří,Bartoš,09e1fc5ff2d1cbbee80ca18a6dbf4a0a,bartoj1@sez.ad12.cz
207,navrak0,Kateřina,Navrátilová,6ec3f70726b3e811a373e0439bfacbfd,navrak0@infrast.ad12.cz
209,kucerl0,Lucie,Kučerová,1e1423137b8585c969be27444dd3d4c4,kucerl0@logsys.ad12.cz
210,dolezl0,Lucie,Doležalová,ff864227d03b32ac2321431349a0d0f6,dolezl0@telekom.ad12.cz
213,prochh0,Helena,Procházková,b089f01efa43a22d9da8bbf1e5314043,prochh0@infrast.ad12.cz
217,cernav0,Věra,Černá,35aa96229ae566beada27eb74de8d422,cernav0@uit.ad12.cz
219,navraj0,Jan,Navrátil,a8cf520d05b9c646e68811d8cd5f1d9a,navraj0@telekom.ad12.cz
220,pokorm0,Miroslav,Pokorný,028422d13485b9278257329f2106516c,""
226,marekp1,Pavel,Marek,ac66b32e98561e825a8a6dcba52ba6fb,marekp1@sez.ad12.cz
227,horakm3,Martina,Horáková,e5b78b397267cf9b27da5703804ed9b0,""
229,dvoram3,Michal,Dvořák,1a59587542e245e1b213896669af6b71,""
230,zemanh0,Helena,Zemanová,f76693af5abb945ac39d9194225ad9f9,zemanh0@infrast.ad12.cz
231,hajkom0,Markéta,Hájková,428eb9ece655f18be84f7b98dc213f3d,hajkom0@telekom.ad12.cz
234,dvorap1,Petr,Dvořák,6fb9d183c0368c0322d7df854dcdc9e0,dvorap1@telekom.ad12.cz
238,dolezp0,Pavel,Doležal,6a01a60037efae6a3aa0372290caa5fb,dolezp0@telekom.ad12.cz
239,kolarp0,Pavel,Kolář,999687a78bb1f5f54a5ba43c36949f8e,kolarp0@uit.ad12.cz
243,vaňkoj0,Jana,Vaňková,53d94bf75527a78a2e9ca1ca911e592e,""
245,ruzicm2,Michaela,Růžičková,2123d645cb7fd07ef1fd0f8d79f739de,ruzicm2@infrast.ad12.cz
246,pokora0,Andrea,Pokorná,0c5770c5a6a466257c93ea3969487c46,pokora0@merici.ad12.cz
247,ruzicj0,Jaroslav,Růžička,22edd29d2dd56a02ee03ffbd92b90092,""
248,kovarj0,Jana,Kovářová,2b0ce86e969783676f68ad0249ea14b1,""
253,jelinr1,Roman,Jelínek,b270c8629b240e189bd90ad74bed3525,""
255,veselv0,Vlasta,Veselá,349a499947a7a9dfc289495d31baca1e,""
259,kopecm1,Martin,Kopecký,25feba9fd220460e0d8bec52521267f8,kopecm1@infrast.ad12.cz
264,cernak0,Karolína,Černá,d9c7bfcdb9af2da0b5eeff2929599d61,cernak0@telekom.ad12.cz
265,nemcoe1,Eva,Němcová,b3c964d51c554f6fa28e230e190787aa,nemcoe1@infrast.ad12.cz
266,novakm3,Martin,Novák,021945b65bbdcf995186ef34dcb42e09,novakm3@sez.ad12.cz
268,nemcop1,Petra,Němcová,3ce619a6083afba0dbef0fc6f14a9326,nemcop1@sez.ad12.cz
270,fialol1,Lucie,Fialová,03f4d6a7ac341d566b7af2adb6882691,fialol1@merici.ad12.cz
272,dvoraf0,František,Dvořák,632d8cc5dbbcf0c9ec8838817b052f3c,""
274,svoboh1,Hana,Svobodová,a3c4bc89449523d589e21380f9f9d0c6,""
275,kratoh0,Helena,Kratochvílová,ae2c094131a7d18f92d10fd5a7391b12,kratoh0@infrast.ad12.cz
276,novakm4,Miroslav,Novák,c3ec968699050906ed82ee7d91247f41,novakm4@sez.ad12.cz
277,novakj5,Jana,Nováková,87036f216e891919fa2343822409cd62,novakj5@sez.ad12.cz
278,pokorj2,Jarmila,Pokorná,ab6e4a49a1d86ed12408db4d5f7ab607,pokorj2@merici.ad12.cz
280,urbanm0,Michal,Urban,cabab96e96da99f7123bb220a0320ccc,urbanm0@infrast.ad12.cz
281,novotj1,Jana,Novotná,f20e5cc47ad3153bffa46b5dab978913,novotj1@logsys.ad12.cz
282,kucerm1,Marie,Kučerová,4cf0053368605b2176cbba128115c5d4,kucerm1@infrast.ad12.cz
283,dvorai2,Ivana,Dvořáková,d86298afa7b8524d0c00a8a00e87323e,dvorai2@infrast.ad12.cz
284,dvorap2,Petra,Dvořáková,74d48aa250171fc7277fd0244c488409,dvorap2@logsys.ad12.cz
287,novotm2,Marie,Novotná,38d083098d6c7eaf5e4130a3472a250c,""
288,marekm0,Milan,Marek,39ae3e60d50465a92e5772ff75da9edb,marekm0@logsys.ad12.cz
289,veselm1,Miroslav,Veselý,ab6812a12140a33459e78b61f7cdef16,veselm1@uit.ad12.cz
292,kopecd1,Dagmar,Kopecká,607063ab84df24baeb12d26db92aae86,kopecd1@uit.ad12.cz
293,novakj6,Jan,Novák,1581534de2552cc177e9511abec8739b,novakj6@infrast.ad12.cz
295,polakb0,Božena,Poláková,1eb41183b93bfc1cfd500ae3ef004c76,polakb0@telekom.ad12.cz
300,kralj2,Josef,Král,39522abf6ec7ac1c3b245d674cd6f0ac,kralj2@infrast.ad12.cz
303,novotj2,Jiří,Novotný,b368c020000940056f7cff74528fcf5a,novotj2@uit.ad12.cz
306,novakl0,Lenka,Nováková,742e128fbf39c692b82f2a4c31f48de9,novakl0@uit.ad12.cz
307,prochj4,Josef,Procházka,86a9041a0c0f313d66d9626953b8c3f1,""
311,novotj3,Jan,Novotný,e92a8cf1a8b476b115433a7b5722f95d,""
312,horakj7,Jaroslav,Horák,be75266b5fb7ada25035ac95d1d8998f,horakj7@merici.ad12.cz
313,novotr0,Roman,Novotný,8101952d185d1678db21c0d46090eb2f,novotr0@sez.ad12.cz
317,prochj5,Jaroslav,Procházka,db91ec52bfa56fe877025131ac2cda81,prochj5@sez.ad12.cz
320,simkop0,Petra,Šimková,386d840d4eb785015c22f561946a99c2,simkop0@uit.ad12.cz
321,blazej1,Josef,Blažek,aa7a844bf9b75582505596f8aea18da9,blazej1@logsys.ad12.cz
323,dvorah0,Helena,Dvořáková,1a1f6be87773d93701f619d48d706fd2,dvorah0@telekom.ad12.cz
324,nemecj2,Jaroslav,Němec,1478c06c6e9c18f184b9409231567f08,nemecj2@uit.ad12.cz
327,kralol0,Lenka,Králová,a18c1b80a7848d1e7ed1ec5065673b7a,kralol0@uit.ad12.cz
328,pokorm1,Milan,Pokorný,a0865489e958fceda70a675f7bb4d5fb,pokorm1@uit.ad12.cz
330,svobom3,Marie,Svobodová,e09c1504bd8d6a3cddd1f50357ea26b8,svobom3@infrast.ad12.cz
332,novotp1,Pavel,Novotný,cdd61f1aff3bc3d05effc9b197e72f9a,novotp1@sez.ad12.cz
334,veselm2,Miroslav,Veselý,0f3a8c66ac25b22bfc93f4d838907664,veselm2@telekom.ad12.cz
335,cernyj5,Jan,Černý,fdd4320309e7a60bfea4938930b5d992,""
336,vaňkoe0,Eva,Vaňková,95a21a5b2841067eb9c7e98e9bae9cce,""
337,prochj6,Jitka,Procházková,f7ce2379b89c35fb3b75491da7032d91,prochj6@uit.ad12.cz
339,urbans0,Šárka,Urbanová,2a7f54e0a1577f44149622b895ffec30,urbans0@infrast.ad12.cz
352,novakm7,Marie,Nováková,034109a5f21f3df0838aeb608774127e,novakm7@telekom.ad12.cz
354,sedlaj0,Jiří,Sedláček,5e81324931f66b2771aabb8d9d5d0dd5,sedlaj0@telekom.ad12.cz
355,fialam0,Michal,Fiala,771ed68bcc02c768ea0230dab47c9c61,""
356,pokorj3,Jaroslav,Pokorný,c536425d2362511589d9e988a92c1718,pokorj3@infrast.ad12.cz
361,dvorah2,Helena,Dvořáková,6ea655f3f976687d5ec393aa93f8a4fc,dvorah2@sez.ad12.cz
364,nemcoa0,Andrea,Němcová,ee1efcba8687dc165345abf242cf5802,nemcoa0@sez.ad12.cz
367,novotl1,Lenka,Novotná,021135836cdcab97dbc293ed5d980f3c,novotl1@logsys.ad12.cz
368,novaka0,Antonín,Novák,5c53f54a33cf49f3ac44f70b9f5e82eb,novaka0@sez.ad12.cz
369,cermae0,Eva,Čermáková,2284a0c22edfbb4e442a50db09ea1453,cermae0@telekom.ad12.cz
371,cernym4,Milan,Černý,c2bdf50f8c626a8a25b3ff36a6cc3366,cernym4@infrast.ad12.cz
374,bartoz0,Zdeněk,Bartoš,159d585d76c742bd3d3dfd237823b1c2,""
377,novakj8,Jan,Novák,c1cf37f8185fe30f2bfa1db464d42def,novakj8@infrast.ad12.cz
378,prochv2,Věra,Procházková,e9c55f44b24ea0de807ed12336edcf67,prochv2@logsys.ad12.cz
382,pospih1,Hana,Pospíšilová,9844039cb23ca9d10294083b3dd0e60f,pospih1@telekom.ad12.cz
383,nemcoh0,Helena,Němcová,d94c46d6a168e13deb1cecb19ae78d1d,nemcoh0@infrast.ad12.cz
385,cernah2,Hana,Černá,6e27008a725461730e4766174822279d,cernah2@telekom.ad12.cz
386,kovarm3,Marie,Kovářová,e29f91f7180e87ba7085c7c60359eee9,kovarm3@uit.ad12.cz
387,dvoral0,Lenka,Dvořáková,9be29957ec82141b251a24b0c727defb,""
391,navraj2,Josef,Navrátil,7e3aa9ba9a58772c5d8a64834ae9e85d,navraj2@infrast.ad12.cz
392,fialap0,Pavel,Fiala,f4eeac685af75dd08c2bc37863639170,fialap0@telekom.ad12.cz
393,pospiz2,Zdeňka,Pospíšilová,b9a499b285b9f745a1b5ad39c9d620b6,pospiz2@sez.ad12.cz
394,blazej2,Jaroslav,Blažek,8ef0681edd2b26366ecc04b1a2565720,blazej2@merici.ad12.cz
395,benesj0,Jitka,Benešová,adce7754496d9322e426ee05c839afc8,benesj0@telekom.ad12.cz
396,krizoa0,Alena,Křížová,b6e42e4a03dd779dee417773b55014df,krizoa0@uit.ad12.cz
397,kovarr0,Radek,Kovář,8aae734631735f7cde6bf7bc0b475b16,kovarr0@uit.ad12.cz
399,kopecb0,Barbora,Kopecká,21fcc4f5b0df22651077a986eb87c874,kopecb0@infrast.ad12.cz
400,novakm8,Markéta,Nováková,08f6fa1cea9a899e6d6af47fe26571da,novakm8@sez.ad12.cz
401,dvoraj2,Jiří,Dvořák,353df5216611b8684d16d0bbe4b76f28,dvoraj2@sez.ad12.cz
402,sedlad0,David,Sedláček,5dae2d7cbb6b7bb86d22930d314e221a,""
403,pospij2,Jiří,Pospíšil,20c1ab4b374a43bcf49f05fb56dbe698,""
406,novakj9,Jiří,Novák,874dd6f7696d6add68e5b2c5a932d1dd,novakj9@logsys.ad12.cz
408,cermai0,Iveta,Čermáková,932002867799112640d0b010e9ff1a79,cermai0@uit.ad12.cz
410,prochm7,Martin,Procházka,4484a2081110c846d61dd6435bd7cc65,prochm7@uit.ad12.cz
411,simekd0,David,Šimek,a2973c96e2f19b8423074c9ee1674854,simekd0@sez.ad12.cz
412,krizm1,Martin,Kříž,69f9b922b2e4ee70cbb6919e870953cc,krizm1@logsys.ad12.cz
413,vlcekp0,Petr,Vlček,68e01ac28471bef6aa3914706481c6b6,vlcekp0@infrast.ad12.cz
414,dvoraz1,Zdeňka,Dvořáková,3bc0b91b9255de6f210d5d6aa53fcad6,dvoraz1@sez.ad12.cz
415,pospip2,Petr,Pospíšil,8ad7344348b688915380244fcbb86894,""
421,marekv1,Václav,Marek,98f253bdca1b5b3e839a581a014f90dd,marekv1@infrast.ad12.cz
423,kopecs0,Stanislav,Kopecký,ec80fe50ac7c38996e8822d8c948c60f,kopecs0@uit.ad12.cz
426,dolezm0,Marie,Doležalová,7950751f4cb4737b1313befb71a9e0cc,dolezm0@telekom.ad12.cz
430,veselz0,Zdeněk,Veselý,8a180d963529e5b1759d40716c3dc999,""
431,prochm8,Marie,Procházková,7650167a8a2fb07951ec664d4d84fba2,prochm8@infrast.ad12.cz
434,zemanp1,Petr,Zeman,798a959afc53fa05da17de7fcb2cdac9,zemanp1@uit.ad12.cz
435,dvoraj3,Jana,Dvořáková,3a1355ca0e9fbdb695fa489a9e46c845,dvoraj3@uit.ad12.cz
436,benesd0,David,Beneš,6c58f5239c37d1cdd924efcb4153db09,benesd0@uit.ad12.cz
437,urbanj5,Jaroslav,Urban,a670e0cb1319257851a05a3f6a92d5b0,""
439,dvoraf1,František,Dvořák,913675723952b042d2c1e67b16002924,dvoraf1@merici.ad12.cz
440,urbanm2,Milan,Urban,8be4d7693a15f4e04c0c0435182e3164,urbanm2@merici.ad12.cz
441,procha1,Aleš,Procházka,58e832a2f395e0003aa5f9f709835d44,procha1@sez.ad12.cz
442,novakj10,Jaroslav,Novák,8a487db3fb69f82d6c4d01df5f0f8e6d,novakj10@uit.ad12.cz
444,hajkoa0,Andrea,Hájková,be1e8f778d144423d0dafb13dd9ed17d,hajkoa0@sez.ad12.cz
445,hajkop0,Petra,Hájková,d4a1fa4daacd034327122149c3976a55,hajkop0@telekom.ad12.cz
446,novakm9,Markéta,Nováková,28f92a0fd594e25c7bf43b37f3547fc3,novakm9@merici.ad12.cz
447,novotj5,Jan,Novotný,6132fe93fc69a30489b59795048e99d3,novotj5@sez.ad12.cz
450,cernym5,Michal,Černý,0ebdffc2bf185350805b50234c3c87a3,cernym5@uit.ad12.cz
452,novaki1,Ivan,Novák,0358113447e29ab428018060567b64c9,novaki1@uit.ad12.cz
454,dolezl1,Lucie,Doležalová,6b8612fc93a8209853d9a70cb65b0c0c,dolezl1@uit.ad12.cz
457,kolarm1,Martin,Kolář,446dd8f2f5c4c9eb61ce07dc27ff767d,kolarm1@sez.ad12.cz
458,veselb0,Božena,Veselá,ca39fd8c422ea61d4e48539c4fc27e44,veselb0@telekom.ad12.cz
460,novotj6,Jan,Novotný,ccf2b5e12fe695ba02ed6f0fa27afa88,novotj6@merici.ad12.cz
461,kralom0,Marcela,Králová,7148a14ab456816e6492c2c61e6428a8,kralom0@infrast.ad12.cz
462,pokorm3,Miroslava,Pokorná,454a1919793bc8ad829803902fb444d4,pokorm3@sez.ad12.cz
463,blazkp0,Petra,Blažková,2b08195524cf9ccdb9b78c2de47726a9,blazkp0@infrast.ad12.cz
468,cernyz0,Zdeněk,Černý,a4c699da363a1ddad7c00eb70dc2c82c,cernyz0@logsys.ad12.cz
469,kucerb0,Barbora,Kučerová,722fcfd8456ec2a3ecc572a49a3ae2db,kucerb0@infrast.ad12.cz
470,svobov2,Václav,Svoboda,36cbec9cd76321271ab53ebb7d9b3f09,svobov2@infrast.ad12.cz
471,kopech0,Helena,Kopecká,3306a2ef9751b472274d8e3df2384843,kopech0@telekom.ad12.cz
472,marekf0,František,Marek,4523f13ead26e22307d78d75f3521ce7,marekf0@merici.ad12.cz
473,vanekp0,Pavel,Vaněk,7610fc05150dbdb5cafd08b46ed19ec3,vanekp0@uit.ad12.cz
474,zemanj1,Jaroslav,Zeman,369014857f449e9263bdc1a644af1cf7,""
476,cermaa1,Andrea,Čermáková,d984dfea015022d12fcf5f12eb790b3a,cermaa1@infrast.ad12.cz
477,cernyj7,Jan,Černý,303e3e9abb900cde8260881e7d16285e,cernyj7@uit.ad12.cz
478,benesm4,Michal,Beneš,ed6ff445a564e77242a783fc2b0cc32e,benesm4@sez.ad12.cz
479,pospip3,Pavla,Pospíšilová,b43e15ddda7ce47f145d45f76b1923b0,""
481,kopecm2,Martin,Kopecký,4536d984d6d50f6fa5edddd23ba20597,kopecm2@sez.ad12.cz
484,pospiz3,Zdeněk,Pospíšil,50eb6ea6114b25ab8b30159b23468b35,pospiz3@merici.ad12.cz
486,simekj0,Jan,Šimek,39d09b2fd3afb347581c1e987d00ec44,""
488,dolezj1,Jana,Doležalová,05e7c63c9a1e97779d21639e0995a041,dolezj1@infrast.ad12.cz
489,novots0,Stanislav,Novotný,f9e69d86cef22ecece0b399a64875d82,novots0@logsys.ad12.cz
490,marekj5,Josef,Marek,fb6d1978f712c4fc7e74b134ec9a2c20,marekj5@uit.ad12.cz
491,pospie0,Eva,Pospíšilová,d7a5974e3cfdb34910de60f6368e8239,pospie0@telekom.ad12.cz
494,pospij3,Josef,Pospíšil,9056945a6db6541041d6b8f0e857cf4e,pospij3@telekom.ad12.cz
495,veselp2,Pavel,Veselý,bc99cde839755ec30c0ce352cda3c5f3,veselp2@logsys.ad12.cz
496,novakj11,Jiří,Novák,37fbc96cae2ea1787f0cdf22f9872486,novakj11@uit.ad12.cz
501,pospib0,Barbora,Pospíšilová,14a1294fc8e032c7cd4706b966d1dc1a,pospib0@uit.ad12.cz
503,kratov1,Věra,Kratochvílová,af53f280e39914769e16e56f420be706,kratov1@uit.ad12.cz
504,benesm5,Martin,Beneš,00a8220b51144b38d670f3cc22b02efe,benesm5@uit.ad12.cz
505,simkoj1,Jitka,Šimková,1153d7657f4928b7f4d425478f59d18d,simkoj1@uit.ad12.cz
507,marekm1,Michal,Marek,b4e1b306eacf075a9854f2bb640923b4,marekm1@merici.ad12.cz
510,vesele0,Eva,Veselá,b6d5a8f159c1a7f406ffe9a48d43247c,""
513,prochm9,Martin,Procházka,6a5a1787e787df32ee49c7e4ae7420e5,prochm9@infrast.ad12.cz
514,zemanj2,Jan,Zeman,dc1669d0dbfc1e24c8249b9146de5edc,zemanj2@merici.ad12.cz
515,navrag0,Gabriela,Navrátilová,315f4d8254617237c3a7fac28fabcd65,navrag0@uit.ad12.cz
517,cermal0,Ludmila,Čermáková,a6eeb51d160b828934848e74023b8085,""
519,novakj12,Jiří,Novák,75d4396f64086257f1ca8a1d929b3bc5,novakj12@uit.ad12.cz
520,bartoz2,Zdeňka,Bartošová,803bfec211ec5851d86c84c3541a5e44,""
521,kovarj1,Josef,Kovář,086e5a4d2b2f021d07abeed1275a7351,kovarj1@infrast.ad12.cz
524,novakh1,Hana,Nováková,ed22b5fe0d9a7a91de102c04e086ebc3,novakh1@sez.ad12.cz
526,novakj13,Jaroslav,Novák,eaf4b23fd902f85dbecb21bae51adcec,novakj13@merici.ad12.cz
530,marekv2,Václav,Marek,058042b0c5f1f84a761d772b461f7375,marekv2@uit.ad12.cz
531,cernyv0,Vladimír,Černý,4dd473d59bbc183a1ad03fe5f1b2ec55,cernyv0@infrast.ad12.cz
534,dvoraz2,Zdeněk,Dvořák,bd4fe76da4172b3d42979f790e2bb424,dvoraz2@uit.ad12.cz
536,kopecj1,Jiří,Kopecký,b482f834e665510018d0039d0972f268,""
540,cernyj8,Jan,Černý,4662c6c47a8196eb46438cc1a91cc175,cernyj8@uit.ad12.cz
541,svobom5,Michal,Svoboda,38d46e9cbf9db6bea32347a7791410b0,svobom5@sez.ad12.cz
542,sedlai0,Ivan,Sedláček,280682bf69f0d320eb026d46f787e6b8,sedlai0@merici.ad12.cz
545,novakf0,František,Novák,f29ba4ba9e32ca16ae7b795817c6f380,novakf0@sez.ad12.cz
549,novakl1,Lucie,Nováková,58b55adaae56b1c382a55c4ec05f6212,novakl1@telekom.ad12.cz
550,krizj2,Jan,Kříž,1a06ace0b99ff9d4f0b60e919b131c8b,""
551,nemecr0,Roman,Němec,f301196ee5c031f650e61a63fd601726,nemecr0@uit.ad12.cz
553,navram1,Milan,Navrátil,3cc9b176a038cd856d7a32ce891f3a9b,navram1@uit.ad12.cz
556,pospim6,Marie,Pospíšilová,630f90edeae0567b7615c1ac3a797562,pospim6@uit.ad12.cz
557,novakp4,Pavel,Novák,bf31bf28b6ae05d36cc10e629dc0f44b,novakp4@sez.ad12.cz
559,svoboa1,Antonín,Svoboda,363c284b531ef5d758b463a592f05269,svoboa1@uit.ad12.cz
561,kucerf0,František,Kučera,8a151e02fa39695121d11b3ed425fad7,kucerf0@infrast.ad12.cz
563,dvoraf2,František,Dvořák,f2a9332c097b8227f597b3b4d941bc7a,dvoraf2@uit.ad12.cz
565,ruzicp0,Petra,Růžičková,056d2a92014e54c18c81ea093f9fe469,ruzicp0@uit.ad12.cz
566,nemcol1,Lenka,Němcová,af9af31a4fcc66b89d396d2782d8033c,nemcol1@uit.ad12.cz
572,marekj6,Jiří,Marek,ae8aa1bc7529cc202d53c2997a46aae5,marekj6@uit.ad12.cz
573,benesk0,Kateřina,Benešová,e59500c32f96cd71085058611fa9fe14,benesk0@infrast.ad12.cz
575,pospim7,Michal,Pospíšil,db2215525e9232299063ed2c6f6d8a88,""
