knihy_id;vyrazy_id
13;541
13;542
13;543
13;544
13;545
29;80
29;183
31;88
31;324
31;325
32;24
32;26
36;227
42;97
42;150
42;209
44;21
44;285
44;286
44;287
44;288
46;148
46;149
49;62
49;318
49;319
56;1
56;2
56;91
56;135
56;136
58;27
58;28
58;29
60;82
60;84
60;133
60;429
60;435
74;20
74;47
74;70
89;121
89;122
90;121
90;122
91;310
91;311
91;312
91;313
94;26
94;133
99;146
99;271
99;373
99;374
100;55
100;436
110;146
110;373
111;88
111;324
113;201
113;202
129;32
129;82
129;483
142;26
142;269
142;358
142;369
142;424
143;32
143;369
143;424
146;44
146;328
159;296
166;67
166;72
166;73
169;57
169;97
171;477
171;501
171;505
171;506
180;206
180;462
182;119
182;157
185;180
186;180
186;238
192;33
192;34
197;85
197;86
197;371
197;420
202;200
206;123
206;124
213;32
213;497
213;498
213;499
214;477
214;478
214;479
218;20
218;66
221;43
221;265
224;98
224;400
224;401
227;56
227;304
228;76
228;171
230;176
230;260
230;397
230;398
230;399
233;42
233;225
233;343
233;344
239;27
239;173
244;162
244;284
246;27
246;171
258;26
258;68
258;112
260;26
260;356
260;392
277;216
278;60
278;185
278;186
278;187
278;188
278;189
278;190
290;208
290;243
290;244
290;245
292;49
292;154
292;155
292;156
313;54
313;71
316;137
316;138
316;139
319;468
319;469
323;180
323;421
331;88
331;299
331;300
331;301
334;55
334;59
334;574
364;163
364;223
364;224
364;225
370;55
370;58
370;170
370;241
370;242
373;57
373;533
373;534
376;44
376;56
376;58
376;467
379;324
379;389
379;390
379;391
379;392
382;42
382;43
384;306
394;393
394;394
399;70
399;171
400;70
400;171
405;20
405;21
406;113
406;116
406;118
406;119
408;163
409;161
409;405
409;406
409;408
413;146
413;147
423;292
423;293
441;26
441;68
441;112
450;21
450;444
454;26
454;70
454;71
456;207
456;245
456;349
456;350
456;351
456;352
457;208
457;236
457;352
457;460
460;88
460;133
460;205
460;206
460;207
484;101
484;143
484;144
486;352
486;457
486;458
508;143
509;215
509;216
517;163
522;196
522;197
530;67
531;294
531;295
533;43
533;272
533;273
533;274
535;26
535;160
539;76
539;198
539;199
543;409
543;481
543;482
554;126
554;159
560;236
560;243
560;245
560;422
562;18
562;20
562;22
562;23
586;122
586;231
586;232
586;233
586;234
588;88
588;299
588;301
590;163
601;62
601;97
601;194
601;195
614;88
615;170
615;287
621;44
621;158
622;74
636;223
636;225
636;229
636;230
638;443
643;9
643;10
644;9
644;10
644;11
644;12
646;26
646;437
646;438
663;120
663;409
663;410
663;411
663;412
664;44
664;45
664;238
671;94
671;220
671;221
681;152
681;164
682;26
682;125
682;398
682;449
684;21
684;66
684;71
686;392
686;447
686;448
688;70
688;208
688;332
688;333
690;161
690;180
693;32
693;40
693;415
693;490
693;491
693;492
693;493
693;494
693;495
693;496
723;7
731;249
731;250
731;251
731;252
735;20
735;21
735;282
735;338
736;20
736;70
736;238
739;22
739;513
743;20
743;70
743;444
754;21
754;26
754;46
754;68
754;112
755;477
755;500
755;501
755;502
755;503
757;62
757;133
757;216
757;464
757;465
757;466
763;26
763;68
763;520
778;43
778;262
781;3
781;8
789;53
789;455
789;456
799;535
799;536
799;537
800;204
800;423
809;20
809;21
809;238
812;22
812;47
812;207
812;601
812;602
834;27
834;35
850;26
850;43
850;145
855;120
855;181
867;27
867;29
867;32
874;236
874;327
886;413
886;414
886;415
895;120
895;150
895;467
903;21
903;255
903;256
906;86
906;371
919;142
926;21
926;94
926;305
926;306
926;307
928;33
928;182
938;108
938;109
938;110
965;222
965;223
967;27
967;31
969;395
969;396
990;2
990;88
990;345
990;346
1006;171
1006;532
1013;171
1013;276
1013;277
1013;278
1013;279
1013;280
1024;308
1024;309
1033;26
1033;260
1033;261
1042;21
1042;113
1045;161
1045;402
1045;403
1045;404
1045;405
1045;406
1045;407
1052;53
1052;54
1053;18
1053;21
1053;55
1053;66
1054;76
1054;77
1054;78
1064;47
1064;48
1064;49
1064;50
1065;51
1065;52
1066;21
1066;55
1067;56
1067;57
1067;58
1068;2
1068;59
1068;60
1068;61
1071;21
1071;26
1071;55
1072;52
1072;67
1072;68
1072;69
1075;49
1075;79
1075;80
1075;81
1076;82
1076;83
1076;84
1077;75
1077;85
1077;86
1078;78
1078;87
1082;80
1086;1
1087;80
1088;2
1088;59
1090;1
1090;2
1092;62
1092;99
1092;100
1092;101
1093;102
1096;113
1097;44
1097;114
1097;115
1100;125
1100;126
1101;123
1101;127
1102;123
1102;127
1103;113
1105;21
1105;113
1106;128
1106;129
1106;130
1112;108
1112;559
1115;170
1115;560
1116;560
1117;21
1117;208
1117;561
1120;21
1120;562
1121;108
1121;563
1122;49
1122;62
1122;161
1122;202
1128;568
1138;570
1138;572
1142;21
1142;47
1143;21
1143;47
1143;48
1146;21
1146;207
1150;21
1150;576
1151;54
1151;65
1151;577
1153;108
1153;579
1154;134
1154;579
1155;96
1155;580
1156;32
1156;151
1156;285
1156;581
1157;108
1157;110
1159;584
1161;46
1161;587
1161;588
1167;592
1169;199
1170;58
1172;54
1172;64
1172;562
1173;2
1173;88
1173;423
1177;595
1183;79
1183;80
1183;278
1184;80
1184;605
1187;606
1187;607
1187;608
1193;88
1245;43
1252;613
1252;615
1252;616
1252;618
1253;615
1253;619
1253;620
1258;412
1259;20
1259;21
1264;176
1265;176
1267;370
1273;20
1273;158
1273;623
1282;171
1282;541
1282;646
1285;21
1285;158
1285;170
1286;20
1286;21
1286;639
1288;20
1288;147
1288;642
1289;158
1289;639
1289;644
1300;21
1300;647
1300;648
1301;649
1305;659
1305;660
1305;661
1308;614
1308;656
1310;113
1310;622
1315;120
1315;340
1315;667
1317;668
1317;669
1319;152
1319;672
1324;20
1324;147
1324;238
1325;170
1325;560
1327;21
1327;681
1327;682
1328;21
1328;681
1328;682
1330;21
1330;681
1330;682
1331;113
1331;169
1331;183
1332;80
1332;688
1333;21
1333;689
1334;21
1334;62
1334;689
1337;113
1337;161
1344;28
1344;704
1384;706
1384;707
1423;20
1423;21
1423;56
1423;147
1423;713
1496;120
1496;415
1496;711
1539;714
1539;715
1540;716
1540;717
